0,1,2,3,4,5,6,7,8,9,10,11,12,13,14,15,16,17,18,19,20,21,22,23,24,25,26,27,28,29,30,31,32,33,34,35,36,37,38,39,40,41,42,43,44,45,46,47,48,49,50,51,52,53,54,55,56,57,58,59,60,61,62,63,label
209.08957,0.0,0.0,191.35252,0.0,0.0,0.0,91.89733,174.53947,167.45876,73.86988,41.86001,0.0,44.023205,0.0,0.0,0.0,0.0,38.86541,218.1872,174.0845,0.0,0.0,258.15768,0.0,170.77786,0.0,47.365623,245.36502,0.0,95.78878,234.48337,0.0,0.0,0.0,202.033,0.0,0.0,0.0,0.0,21.992283,147.53468,0.0,1.8090379,0.0,246.4578,0.0,0.0,101.16813,83.099144,0.0,0.0,0.0,255.40848,120.914795,158.47737,0.0,187.89914,0.0,0.0,0.0,0.0,0.0,0.0,real
295.12598,0.0,0.0,238.21922,0.0,0.0,0.0,142.0315,220.83035,258.67587,76.03851,55.686287,0.0,68.450134,0.0,0.0,0.0,0.0,60.614258,299.7019,230.76492,0.0,0.0,345.53482,0.0,276.43857,0.0,38.78319,378.3278,0.0,141.33316,318.06842,0.0,0.0,0.0,270.84586,0.0,0.0,0.0,0.0,57.81274,206.23064,0.0,0.0,0.0,378.68326,0.0,0.0,179.28644,122.47431,0.0,0.0,0.0,376.977,152.79062,267.96664,0.0,303.60086,0.0,0.0,0.0,0.0,0.0,0.0,real
274.07803,0.0,9.455555,203.60223,0.0,0.0,0.0,118.06139,187.73495,237.82281,72.828926,69.62858,0.0,25.9575,0.0,0.0,0.0,0.0,57.86456,263.97986,202.16866,0.0,0.0,325.13907,0.0,235.10428,0.0,37.780365,382.48816,0.0,139.3608,311.01797,0.0,0.0,0.0,216.77565,0.0,0.0,0.0,0.0,35.558628,164.81792,0.0,0.0,0.0,350.57782,0.0,0.0,144.3574,131.6113,0.0,0.0,0.0,350.9222,123.04362,229.78615,0.0,279.7946,0.0,0.0,0.0,0.0,0.0,0.0,real
144.55566,0.0,0.0,156.32135,0.0,0.0,0.0,68.61958,131.96043,126.08816,56.226456,60.46448,0.0,37.983223,0.0,0.0,0.0,0.0,70.41435,186.49007,112.769165,0.0,0.0,192.37805,0.0,114.63217,0.0,27.262592,208.16992,0.0,74.25576,197.0428,0.0,0.0,0.0,124.85896,0.0,0.0,0.0,0.0,0.0,112.91711,0.0,0.0,0.0,179.07416,0.0,0.0,89.65291,73.770256,0.0,0.0,0.0,201.3805,97.39462,106.41687,0.0,148.35516,0.0,0.0,0.0,0.0,0.0,0.0,deepfake
124.81163,0.0,0.0,138.6714,0.0,0.0,0.0,53.688747,123.32487,112.40676,57.701782,59.127213,0.0,37.117447,0.0,0.0,0.0,0.0,71.41505,164.87372,93.20508,0.0,0.0,176.48898,0.0,103.21568,0.0,27.337374,178.96497,0.0,62.357265,172.38115,0.0,0.0,0.0,108.48626,0.0,0.0,0.0,0.0,0.0,96.95747,0.0,0.0,0.0,161.48178,0.0,0.0,68.401245,77.12744,0.0,0.0,0.0,172.46144,81.01286,94.51524,0.0,123.68802,0.0,0.0,0.0,0.0,0.0,0.0,deepfake
113.63432,2.2652597,0.0,133.47418,0.0,0.0,0.0,45.355167,110.58989,91.3096,50.385246,57.475754,0.0,29.358952,0.0,0.0,0.0,0.0,59.99327,154.10165,98.10958,0.0,0.0,167.952,0.0,86.96383,0.0,25.381279,169.77429,0.0,59.832596,168.88937,0.0,0.0,0.0,104.94544,0.0,0.0,0.0,0.0,0.0,86.1861,0.0,0.0,0.0,140.0333,0.0,0.0,74.20607,68.455154,0.0,0.0,0.0,157.92137,84.32933,88.042946,0.0,119.614655,0.0,0.0,0.0,0.0,0.0,0.0,deepfake
119.69683,0.0,0.0,136.29216,0.0,0.0,0.0,49.047855,108.9745,100.327415,51.465416,58.78129,0.0,27.027515,0.0,0.0,0.0,0.0,65.351135,155.8152,84.924385,0.0,0.0,166.10562,0.0,90.509766,0.0,25.326069,178.48427,0.0,57.375145,167.55554,0.0,0.0,0.0,93.015686,0.0,0.0,0.0,0.0,0.0,91.18492,0.0,0.0,0.0,147.40524,0.0,0.0,67.84673,71.02586,0.0,0.0,0.0,162.17831,77.7079,84.69196,0.0,116.48667,0.0,0.0,0.0,0.0,0.0,0.0,deepfake
205.05118,0.0,6.68321,159.5897,0.0,0.0,0.0,77.73427,152.6901,197.46474,75.938354,63.710876,0.0,52.450935,0.0,0.0,0.0,0.0,57.54556,227.29376,169.38414,0.0,0.0,271.00455,0.0,207.93802,0.0,19.781776,309.55847,0.0,109.95039,232.539,0.0,0.0,0.0,185.09401,0.0,0.0,0.0,0.0,38.614315,130.85762,0.0,0.0,0.0,285.29736,0.0,0.0,120.48825,120.85361,0.0,0.0,0.0,286.50934,97.08421,201.32515,0.0,234.99121,0.0,0.0,0.0,0.0,0.0,0.0,real
237.6566,0.0,0.0,196.92941,0.0,0.0,0.0,102.99179,177.71777,212.39162,69.16935,57.35753,0.0,45.447704,0.0,0.0,0.0,0.0,56.458584,242.84651,184.76897,0.0,0.0,290.49036,0.0,215.57663,0.0,38.212242,311.78986,0.0,116.96617,263.75876,0.0,0.0,0.0,219.13492,0.0,0.0,0.0,0.0,28.67085,160.98685,0.0,0.0,0.0,298.23856,0.0,0.0,133.1064,112.39541,0.0,0.0,0.0,308.56033,120.58345,204.08745,0.0,236.68692,0.0,0.0,0.0,0.0,0.0,0.0,real
143.87524,0.0,0.0,153.9691,0.0,0.0,0.0,69.12238,127.99636,127.48466,60.736614,63.07379,0.0,39.51078,0.0,0.0,0.0,0.0,76.92451,180.78839,105.73244,0.0,0.0,198.10939,0.0,117.86253,0.0,27.141235,208.57793,0.0,65.72462,187.28076,0.0,0.0,0.0,120.77041,0.0,0.0,0.0,0.0,0.0,109.315765,0.0,0.0,0.0,186.31917,0.0,0.0,81.34788,82.00441,0.0,0.0,0.0,196.81593,89.07981,108.976395,0.0,140.12646,0.0,0.0,0.0,0.0,0.0,0.0,deepfake
117.35951,0.0,0.0,127.36083,0.0,0.0,0.0,44.87289,109.290115,101.07486,57.11893,61.725792,0.0,26.827003,0.0,0.0,0.0,0.0,63.87942,150.31215,93.863235,0.0,0.0,173.94962,0.0,89.25948,0.0,27.323875,174.42229,0.0,53.72368,154.64626,0.0,0.0,0.0,99.41241,0.0,0.0,0.0,0.0,0.0,85.465034,0.0,0.0,0.0,146.40895,0.0,0.0,61.840134,74.48271,0.0,0.0,0.0,156.77716,71.15383,85.904945,0.0,110.688835,0.0,0.0,0.0,0.0,0.0,0.0,deepfake
188.85854,0.0,0.0,177.75795,0.0,0.0,0.0,80.39909,161.52014,143.49922,69.18731,36.91382,0.0,38.18822,0.0,0.0,0.0,0.0,35.876644,200.30974,152.9938,0.0,0.0,233.02826,0.0,148.88606,0.0,44.01994,222.23491,0.0,82.86947,214.34442,0.0,0.0,0.0,176.25304,0.0,0.0,0.0,0.0,18.05127,132.13606,0.0,0.0,0.0,218.02792,0.0,0.0,88.53699,76.41767,0.0,0.0,0.0,227.954,107.297844,136.07742,0.0,166.86871,0.0,0.0,0.0,0.0,0.0,0.0,real
210.73044,0.0,6.182033,166.04454,0.0,0.0,0.0,80.55186,151.17284,176.39742,56.128765,51.965614,0.0,34.09075,0.0,0.0,0.0,0.0,41.70121,218.76892,173.42741,0.0,0.0,258.3244,0.0,183.47095,0.0,24.871464,301.11603,0.0,100.38742,225.30722,0.0,0.0,0.0,172.88947,0.0,0.0,0.0,0.0,34.13825,126.84824,0.0,0.0,0.0,263.482,0.0,0.0,128.94188,98.19275,0.0,0.0,0.0,271.30746,93.978,182.14368,0.0,221.7686,0.0,0.0,0.0,0.0,0.0,0.0,real
129.61978,0.0,0.0,140.83908,0.0,0.0,0.0,52.351208,121.80893,114.98802,59.187042,58.32789,0.0,32.38524,0.0,0.0,0.0,0.0,67.93076,160.49503,94.22584,0.0,0.0,177.27655,0.0,107.813995,0.0,26.67979,187.81177,0.0,64.88009,168.07079,0.0,0.0,0.0,102.93184,0.0,0.0,0.0,0.0,0.0,94.36717,0.0,0.0,0.0,167.71364,0.0,0.0,67.421776,83.17667,0.0,0.0,0.0,173.10526,80.39846,96.87874,0.0,124.74515,0.0,0.0,0.0,0.0,0.0,0.0,deepfake
250.80003,0.0,0.0,219.91168,0.0,0.0,0.0,118.2334,206.36935,211.29477,82.28428,37.51574,0.0,45.302593,0.0,0.0,0.0,0.0,40.254314,262.72195,204.01976,0.0,0.0,300.9999,0.0,223.43585,0.0,55.940754,301.1532,0.0,113.83653,273.7497,0.0,0.0,0.0,247.01775,0.0,0.0,0.0,0.0,41.098137,178.97906,0.0,0.0,0.0,310.09616,0.0,0.0,126.93797,99.19203,0.0,0.0,0.0,313.8273,142.65994,205.70425,0.0,234.09853,0.0,0.0,0.0,0.0,0.0,0.0,real
236.82329,0.0,0.0,209.57076,0.0,0.0,0.0,110.14685,195.57393,195.66908,81.63735,33.97151,0.0,46.601307,0.0,0.0,0.0,0.0,36.631344,246.14865,193.91542,0.0,0.0,284.6156,0.0,205.66975,0.0,52.697895,280.7233,0.0,107.54444,254.75731,0.0,0.0,0.0,228.73438,0.0,0.0,0.0,0.0,38.12547,169.46503,0.0,0.0,0.0,290.21777,0.0,0.0,117.06234,92.097755,0.0,0.0,0.0,293.5906,134.00749,188.79034,0.0,218.03702,0.0,0.0,0.0,0.0,0.0,0.0,real
135.10333,0.0,0.0,146.06499,0.0,0.0,0.0,61.765297,126.92627,116.76741,59.994755,58.97102,0.0,31.864542,0.0,0.0,0.0,0.0,68.32695,169.51028,103.63897,0.0,0.0,194.13184,0.0,111.50825,0.0,33.42265,195.3581,0.0,58.886147,184.16884,0.0,0.0,0.0,121.314445,0.0,0.0,0.0,0.0,0.0,100.453,0.0,0.0,0.0,177.64224,0.0,0.0,74.27584,78.31668,0.0,0.0,0.0,179.79654,84.07504,104.79968,0.0,134.65338,0.0,0.0,0.0,0.0,0.0,0.0,deepfake
134.52205,0.0,0.0,150.77406,0.0,0.0,0.0,60.995342,128.00829,118.41549,58.625473,58.549446,0.0,28.289522,0.0,0.0,0.0,0.0,68.48803,174.43686,103.74187,0.0,0.0,186.66107,0.0,107.21154,0.0,30.438969,198.25842,0.0,60.111683,183.315,0.0,0.0,0.0,114.74183,0.0,0.0,0.0,0.0,0.0,97.73957,0.0,0.0,0.0,173.99713,0.0,0.0,77.94604,75.77966,0.0,0.0,0.0,180.26634,88.04691,101.15564,0.0,133.25667,0.0,0.0,0.0,0.0,0.0,0.0,deepfake
185.68765,0.0,0.0,176.01823,0.0,0.0,0.0,78.96954,160.32823,147.86702,68.84176,34.306587,0.0,36.686466,0.0,0.0,0.0,0.0,35.677975,202.14145,163.23146,0.0,0.0,233.68141,0.0,149.09424,0.0,44.922764,221.68675,0.0,83.162094,207.98956,0.0,0.0,0.0,176.56883,0.0,0.0,0.0,0.0,17.015966,130.45076,0.0,0.0,0.0,216.59653,0.0,0.0,88.508995,76.67304,0.0,0.0,0.0,230.65802,110.67414,134.91562,0.0,170.544,0.0,0.0,0.0,0.0,0.0,0.0,real
141.99333,0.0,0.0,158.52872,0.0,0.0,0.0,69.06002,138.4726,128.36726,59.2947,55.911728,0.0,35.3953,0.0,0.0,0.0,0.0,72.10772,182.45236,107.23541,0.0,0.0,197.9495,0.0,123.459045,0.0,33.64171,208.5186,0.0,69.72223,189.07172,0.0,0.0,0.0,125.468864,0.0,0.0,0.0,0.0,0.0,112.162476,0.0,0.0,0.0,190.06386,0.0,0.0,81.1568,81.57361,0.0,0.0,0.0,196.58353,91.899025,110.5638,0.0,140.25768,0.0,0.0,0.0,0.0,0.0,0.0,deepfake
163.42456,0.0,0.0,170.05554,0.0,0.0,0.0,79.930534,143.07349,143.65364,61.75018,65.96489,0.0,43.470303,0.0,0.0,0.0,0.0,78.78763,199.14215,115.56767,0.0,0.0,217.66418,0.0,137.4719,0.0,31.514786,228.25258,0.0,73.72546,207.5012,0.0,0.0,0.0,140.19221,0.0,0.0,0.0,0.0,0.0,126.91799,0.0,0.0,0.0,209.76256,0.0,0.0,94.13082,87.110825,0.0,0.0,0.0,220.90126,99.50522,123.42359,0.0,154.37933,0.0,0.0,0.0,0.0,0.0,0.0,deepfake
138.4798,0.0,0.0,145.81354,0.0,0.0,0.0,56.958263,130.85997,119.32222,62.492744,57.435013,0.0,31.506516,0.0,0.0,0.0,0.0,66.339714,168.89642,104.9132,0.0,0.0,187.55336,0.0,110.72749,0.0,30.173882,195.33884,0.0,67.05138,179.24918,0.0,0.0,0.0,118.0798,0.0,0.0,0.0,0.0,0.0,101.84519,0.0,0.0,0.0,170.52292,0.0,0.0,72.86178,79.751015,0.0,0.0,0.0,186.8541,88.56076,102.16878,0.0,129.56667,0.0,0.0,0.0,0.0,0.0,0.0,deepfake
187.49846,0.0021143444,0.0,176.66472,0.0,0.0,0.0,81.58983,157.88513,140.99985,66.43473,33.76351,0.0,37.07997,0.0,0.0,0.0,0.0,30.136852,197.67352,157.57593,0.0,0.0,231.32132,0.0,148.17175,0.0,45.46842,219.49524,0.0,80.82389,212.56116,0.0,0.0,0.0,176.5166,0.0,0.0,0.0,0.0,22.569973,129.6027,0.0,0.0,0.0,219.04562,0.0,0.0,86.56767,74.65704,0.0,0.0,0.0,224.5335,106.885704,137.22395,0.0,168.2129,0.0,0.0,0.0,0.0,0.0,0.0,real
150.32994,0.0,0.0,161.59871,0.0,0.0,0.0,72.59136,135.05887,132.90271,53.46881,63.214966,0.0,34.516357,0.0,0.0,0.0,0.0,76.64066,185.53825,104.26992,0.0,0.0,188.47043,0.0,122.02686,0.0,27.381844,210.25632,0.0,77.356926,204.8985,0.0,0.0,0.0,120.41713,0.0,0.0,0.0,0.0,0.0,111.910355,0.0,0.0,0.0,183.78456,0.0,0.0,88.93045,79.10253,0.0,0.0,0.0,199.2637,98.69667,115.05963,0.0,150.32153,0.0,0.0,0.0,0.0,0.0,0.0,deepfake
164.56033,0.0,0.0,169.8314,0.0,0.0,0.0,72.41112,152.65155,147.0382,66.61687,58.678955,0.0,31.458626,0.0,0.0,0.0,0.0,69.61423,192.26895,126.02794,0.0,0.0,214.84476,0.0,137.93596,0.0,37.193417,227.59152,0.0,81.78996,212.17441,0.0,0.0,0.0,151.11801,0.0,0.0,0.0,0.0,0.0,121.605606,0.0,0.0,0.0,206.94255,0.0,0.0,85.364174,89.87529,0.0,0.0,0.0,215.22096,97.20006,130.61696,0.0,156.907,0.0,0.0,0.0,0.0,0.0,0.0,deepfake
182.79016,0.0,0.0,187.03587,0.0,0.0,0.0,87.46818,162.17212,164.355,65.60621,63.7451,0.0,40.421864,0.0,0.0,0.0,0.0,72.61822,214.85542,141.9217,0.0,0.0,241.71434,0.0,161.35258,0.0,36.328896,253.80006,0.0,86.21978,224.45493,0.0,0.0,0.0,169.47371,0.0,0.0,0.0,0.0,0.0,135.42473,0.0,0.0,0.0,236.44598,0.0,0.0,104.97658,97.395294,0.0,0.0,0.0,240.49907,108.93186,150.42924,0.0,179.89157,0.0,0.0,0.0,0.0,0.0,0.0,deepfake
262.2555,0.0,10.352423,210.34972,0.0,0.0,0.0,105.148575,192.00371,232.98935,72.24526,57.43009,0.0,36.788513,0.0,0.0,0.0,0.0,40.94658,265.53107,218.28325,0.0,0.0,310.41818,0.0,234.2821,0.0,33.791416,358.37192,0.0,132.96838,280.07486,0.0,0.0,0.0,224.70433,0.0,0.0,0.0,0.0,49.958477,158.7693,0.0,0.0,0.0,326.48514,0.0,0.0,154.00133,125.464905,0.0,0.0,0.0,327.17377,122.09753,236.24884,0.0,280.8598,0.0,0.0,0.0,0.0,0.0,0.0,real
202.46207,0.0,0.0,184.50584,0.0,0.0,0.0,88.083694,173.61407,163.50075,72.14084,33.92258,0.0,38.220898,0.0,0.0,0.0,0.0,32.223946,218.62076,175.02686,0.0,0.0,252.12485,0.0,168.8374,0.0,48.46283,239.99132,0.0,89.012024,227.3852,0.0,0.0,0.0,195.79929,0.0,0.0,0.0,0.0,25.733637,141.72253,0.0,0.0,0.0,241.24437,0.0,0.0,98.073105,82.33905,0.0,0.0,0.0,251.48296,118.11038,157.06343,0.0,187.60124,0.0,0.0,0.0,0.0,0.0,0.0,real
211.2554,0.0,5.9076657,182.57828,0.0,0.0,0.0,90.6326,164.7325,195.31503,79.48645,82.00092,0.0,45.521507,0.0,0.0,0.0,0.0,68.36659,247.73674,170.68536,0.0,0.0,290.3529,0.0,212.71036,0.0,32.776352,320.73495,0.0,101.099754,246.04033,0.0,0.0,0.0,201.26302,0.0,0.0,0.0,0.0,30.995646,144.08963,0.0,0.0,0.0,298.85583,0.0,0.0,138.18869,123.398735,0.0,0.0,0.0,295.7211,117.38307,216.05707,0.0,230.55046,0.0,0.0,0.0,0.0,0.0,0.0,real
148.37296,0.0,0.0,148.08157,0.0,0.0,0.0,69.719154,127.33171,128.80203,64.38031,64.189445,0.0,34.29656,0.0,0.0,0.0,0.0,78.068214,173.72318,103.73426,0.0,0.0,203.92416,0.0,118.372765,0.0,28.609892,206.98767,0.0,58.6506,186.73544,0.0,0.0,0.0,119.56272,0.0,0.0,0.0,0.0,0.0,105.9846,0.0,0.0,0.0,190.84721,0.0,0.0,77.85989,85.79118,0.0,0.0,0.0,192.44426,85.24239,112.20927,0.0,133.12732,0.0,0.0,0.0,0.0,0.0,0.0,deepfake
152.028,0.0,0.0,153.21252,0.0,0.0,0.0,64.98323,129.05046,130.34511,61.03521,61.400158,0.0,35.274235,0.0,0.0,0.0,0.0,73.80703,179.53934,99.26161,0.0,0.0,201.7591,0.0,127.0294,0.0,31.517532,216.56905,0.0,71.86611,191.28322,0.0,0.0,0.0,123.12331,0.0,0.0,0.0,0.0,0.0,112.16887,0.0,0.0,0.0,192.98055,0.0,0.0,78.51262,83.166794,0.0,0.0,0.0,198.95346,88.13279,112.69861,0.0,139.54031,0.0,0.0,0.0,0.0,0.0,0.0,deepfake
109.01288,0.016808558,0.0,126.92208,0.0,0.0,0.0,39.68514,109.40953,85.94015,51.155735,48.794945,0.0,18.180683,0.0,0.0,0.0,0.0,46.066174,148.11694,106.70512,0.0,0.0,174.21663,0.0,80.337105,0.0,33.215603,170.51018,0.0,52.890797,160.07959,0.0,0.0,0.0,108.190475,0.0,0.0,0.0,0.0,0.0,77.80553,0.0,0.0,0.0,133.40503,0.0,0.0,66.35094,62.914223,0.0,0.0,0.0,151.08113,79.958916,77.321594,0.0,115.77554,0.0,0.0,0.0,0.0,0.0,0.0,deepfake
124.548256,0.0,0.0,138.40431,0.0,0.0,0.0,51.300236,118.0897,103.183464,54.727898,60.820103,0.0,34.012856,0.0,0.0,0.0,0.0,62.09049,161.05582,105.26504,0.0,0.0,180.70334,0.0,97.3792,0.0,31.023537,182.20033,0.0,63.82106,174.8133,0.0,0.0,0.0,115.92846,0.0,0.0,0.0,0.0,0.0,97.457275,0.0,0.0,0.0,152.63252,0.0,0.0,78.840355,71.446335,0.0,0.0,0.0,172.23518,91.17795,93.50693,0.0,122.37258,0.0,0.0,0.0,0.0,0.0,0.0,deepfake
248.75128,0.0,0.0,222.42285,0.0,0.0,0.0,125.3042,206.50383,218.68143,76.91292,57.502808,0.0,53.63287,0.0,0.0,0.0,0.0,70.63068,262.08398,183.24886,0.0,0.0,305.87592,0.0,227.40982,0.0,51.87337,311.3641,0.0,116.727356,285.82404,0.0,0.0,0.0,243.34749,0.0,0.0,0.0,0.0,24.124235,184.83597,0.0,0.13389659,0.0,318.30692,0.0,0.0,131.28586,113.58239,0.0,0.0,0.0,316.71997,137.8496,210.83942,0.0,241.19322,0.0,0.0,0.0,0.0,0.0,0.0,real
195.03761,0.0,19.408253,145.71518,0.0,0.0,0.0,55.986572,127.55002,174.56374,65.91808,49.72166,0.0,3.1851912,0.0,0.0,0.0,0.0,31.342197,182.62741,165.5909,0.0,0.0,232.56091,0.0,157.94542,0.0,27.55916,289.58453,0.0,115.63873,202.09651,0.0,0.0,0.0,142.68126,0.0,0.0,0.0,0.0,26.387808,99.28336,0.0,0.0,0.0,233.96365,0.0,0.0,89.40761,115.65459,0.0,0.0,0.0,238.03218,73.39937,154.97469,0.0,208.00577,0.0,0.0,0.0,0.0,0.0,0.0,real
163.0585,0.0,0.0,170.84233,0.0,0.0,0.0,77.72065,151.06169,144.75354,66.190674,60.09707,0.0,44.2236,0.0,0.0,0.0,0.0,77.27801,199.86514,121.84887,0.0,0.0,219.10522,0.0,140.55304,0.0,36.20608,226.4133,0.0,79.5642,212.63733,0.0,0.0,0.0,150.12245,0.0,0.0,0.0,0.0,0.0,127.26857,0.0,0.0,0.0,211.9971,0.0,0.0,94.105354,86.19771,0.0,0.0,0.0,218.1984,103.60354,127.9616,0.0,162.23961,0.0,0.0,0.0,0.0,0.0,0.0,deepfake
134.4148,0.0,0.0,140.55698,0.0,0.0,0.0,57.322735,117.15041,114.86146,56.512787,64.90753,0.0,35.220203,0.0,0.0,0.0,0.0,75.70275,168.2994,90.41122,0.0,0.0,179.87115,0.0,102.84903,0.0,23.755085,192.15854,0.0,58.033443,172.34915,0.0,0.0,0.0,98.00203,0.0,0.0,0.0,0.0,0.0,96.77248,0.0,0.0,0.0,168.88441,0.0,0.0,72.79492,77.94962,0.0,0.0,0.0,176.2894,79.97876,95.86626,0.0,122.068695,0.0,0.0,0.0,0.0,0.0,0.0,deepfake
223.83699,0.0,7.500233,182.31114,0.0,0.0,0.0,85.16678,167.99452,196.65053,62.629585,52.4264,0.0,28.047321,0.0,0.0,0.0,0.0,45.924564,228.88217,174.92195,0.0,0.0,262.78656,0.0,193.61877,0.0,29.353405,301.1465,0.0,114.44719,252.79834,0.0,0.0,0.0,188.30264,0.0,0.0,0.0,0.0,33.049423,138.21065,0.0,0.0,0.0,276.0465,0.0,0.0,132.76222,107.18191,0.0,0.0,0.0,285.44113,107.2916,192.85918,0.0,233.27025,0.0,0.0,0.0,0.0,0.0,0.0,real
192.99352,0.0,0.0,183.64919,0.0,0.0,0.0,83.74364,163.00359,150.2177,69.051094,38.193108,0.0,38.957325,0.0,0.0,0.0,0.0,35.55422,209.28021,160.00008,0.0,0.0,239.25662,0.0,155.37344,0.0,47.731213,232.85757,0.0,83.327644,220.6391,0.0,0.0,0.0,184.69806,0.0,0.0,0.0,0.0,17.79393,139.20805,0.0,0.0,0.0,224.9888,0.0,0.0,93.04445,77.95934,0.0,0.0,0.0,234.66263,113.74545,141.44853,0.0,173.72731,0.0,0.0,0.0,0.0,0.0,0.0,real
158.57756,0.0,0.0,160.13594,0.0,0.0,0.0,73.7606,133.97046,134.07259,58.842644,65.147934,0.0,36.169586,0.0,0.0,0.0,0.0,72.80287,190.19223,112.50761,0.0,0.0,207.05,0.0,130.95018,0.0,28.404537,222.68483,0.0,73.60577,205.90273,0.0,0.0,0.0,133.61948,0.0,0.0,0.0,0.0,0.0,115.61007,0.0,0.0,0.0,198.7174,0.0,0.0,93.791695,82.3716,0.0,0.0,0.0,212.9681,97.37024,122.56633,0.0,154.67638,0.0,0.0,0.0,0.0,0.0,0.0,deepfake
262.32526,0.0,0.0,224.6811,0.0,0.0,0.0,123.34514,210.39432,219.18202,84.41055,35.182037,0.0,47.974377,0.0,0.0,0.0,0.0,39.309235,265.41675,209.79562,0.0,0.0,306.8031,0.0,231.7438,0.0,56.909435,306.95944,0.0,118.989586,276.46423,0.0,0.0,0.0,254.09235,0.0,0.0,0.0,0.0,48.203545,183.82268,0.0,2.4594257,0.0,321.55023,0.0,0.0,125.25712,100.065216,0.0,0.0,0.0,322.86838,145.43881,211.69072,0.0,238.3783,0.0,0.0,0.0,0.0,0.0,0.0,real
211.83691,0.0,0.0,189.62341,0.0,0.0,0.0,91.93088,178.2175,173.63007,74.07584,41.430134,0.0,43.74365,0.0,0.0,0.0,0.0,38.94739,227.5234,178.4242,0.0,0.0,259.94513,0.0,179.76584,0.0,47.026356,250.43494,0.0,95.815384,241.51224,0.0,0.0,0.0,209.53024,0.0,0.0,0.0,0.0,25.862364,149.48741,0.0,0.0,0.0,256.23547,0.0,0.0,104.057945,85.652466,0.0,0.0,0.0,263.91672,125.4205,167.55319,0.0,196.1551,0.0,0.0,0.0,0.0,0.0,0.0,real
143.30606,0.0,0.0,153.00456,0.0,0.0,0.0,68.824905,128.38211,121.33895,55.701633,63.60847,0.0,30.769094,0.0,0.0,0.0,0.0,74.04886,181.58762,108.23541,0.0,0.0,200.94464,0.0,113.48641,0.0,29.661116,212.29965,0.0,59.31545,191.77673,0.0,0.0,0.0,114.91432,0.0,0.0,0.0,0.0,0.0,104.9687,0.0,0.0,0.0,184.4473,0.0,0.0,89.251625,79.41948,0.0,0.0,0.0,195.41869,90.672264,107.944176,0.0,141.34155,0.0,0.0,0.0,0.0,0.0,0.0,deepfake
154.23315,0.0,0.0,158.43681,0.0,0.0,0.0,73.65086,141.67581,138.82994,65.9148,61.690075,0.0,39.499054,0.0,0.0,0.0,0.0,75.13291,187.24031,112.53315,0.0,0.0,205.56747,0.0,130.5261,0.0,30.328695,214.66891,0.0,69.85157,195.0608,0.0,0.0,0.0,131.87288,0.0,0.0,0.0,0.0,0.0,113.72501,0.0,0.0,0.0,203.90897,0.0,0.0,82.134834,84.50822,0.0,0.0,0.0,206.09879,90.681984,119.27826,0.0,148.22208,0.0,0.0,0.0,0.0,0.0,0.0,deepfake
236.80342,0.0,0.0,205.15398,0.0,0.0,0.0,109.59877,196.55635,194.99846,81.04917,33.04855,0.0,42.570026,0.0,0.0,0.0,0.0,37.63073,246.73235,195.08363,0.0,0.0,280.5486,0.0,206.19618,0.0,50.117203,281.1264,0.0,108.974266,250.77336,0.0,0.0,0.0,228.6671,0.0,0.0,0.0,0.0,40.367672,164.7737,0.0,0.0,0.0,287.77084,0.0,0.0,115.5541,92.41962,0.0,0.0,0.0,294.2295,135.5611,187.52946,0.0,216.58606,0.0,0.0,0.0,0.0,0.0,0.0,real
210.43398,0.0,0.0,181.752,0.0,0.0,0.0,92.034096,168.53387,182.79922,66.48929,59.18803,0.0,33.523876,0.0,0.0,0.0,0.0,46.68283,221.15588,177.49083,0.0,0.0,270.20114,0.0,186.15335,0.0,39.442955,280.61392,0.0,99.606094,242.85516,0.0,0.0,0.0,199.52954,0.0,0.0,0.0,0.0,23.21487,140.49211,0.0,0.0,0.0,266.91354,0.0,0.0,116.81237,103.56248,0.0,0.0,0.0,269.713,113.21765,177.3889,0.0,218.3927,0.0,0.0,0.0,0.0,0.0,0.0,real
193.87494,0.0,0.0,174.63448,0.0,0.0,0.0,82.41174,165.65137,158.8185,68.42938,36.238438,0.0,38.115337,0.0,0.0,0.0,0.0,34.258793,212.03093,167.30612,0.0,0.0,242.56174,0.0,161.26315,0.0,44.961956,232.04257,0.0,84.91968,219.02162,0.0,0.0,0.0,188.10924,0.0,0.0,0.0,0.0,22.386805,138.06369,0.0,0.0,0.0,231.04073,0.0,0.0,96.126144,79.97611,0.0,0.0,0.0,241.37518,117.01853,150.81424,0.0,178.7281,0.0,0.0,0.0,0.0,0.0,0.0,real
205.20795,0.0,0.0,197.70056,0.0,0.0,0.0,103.57076,183.0186,179.54889,67.73045,49.459713,0.0,44.38322,0.0,0.0,0.0,0.0,60.97913,234.4554,169.69743,0.0,0.0,271.41153,0.0,186.38269,0.0,47.248714,269.78,0.0,101.08935,251.09119,0.0,0.0,0.0,209.38693,0.0,0.0,0.0,0.0,13.984729,153.93797,0.0,0.0,0.0,267.28787,0.0,0.0,116.02149,99.07754,0.0,0.0,0.0,269.76932,123.1682,176.9971,0.0,210.58205,0.0,0.0,0.0018587932,0.0,0.0,0.0,real
199.07657,0.0,0.0,184.0262,0.0,0.0,0.0,85.95899,166.31313,158.25017,70.64549,33.617508,0.0,37.60497,0.0,0.0,0.0,0.0,29.387312,208.76405,169.36581,0.0,0.0,245.0787,0.0,165.76924,0.0,46.628315,235.57124,0.0,86.248474,220.6123,0.0,0.0,0.0,190.08395,0.0,0.0,0.0,0.0,27.86088,136.98299,0.0,0.0,0.0,238.94699,0.0,0.0,95.29247,83.77472,0.0,0.0,0.0,243.98564,111.3453,155.19797,0.0,182.89922,0.0,0.0,0.0,0.0,0.0,0.0,real
215.30331,0.0,0.0,193.02332,0.0,0.0,0.0,101.4171,179.82785,179.70409,74.94261,32.067135,0.0,40.177067,0.0,0.0,0.0,0.0,37.207115,231.25981,180.64018,0.0,0.0,264.6173,0.0,186.18031,0.0,47.827488,261.18942,0.0,97.811485,235.17294,0.0,0.0,0.0,208.35286,0.0,0.0,0.0,0.0,32.581264,152.66872,0.0,1.6995113,0.0,264.91727,0.0,0.0,107.79178,85.75057,0.0,0.0,0.0,269.66852,125.74835,170.46776,0.0,198.81682,0.0,0.0,0.0,0.0,0.0,0.0,real
224.18138,0.0,0.0,191.6193,0.0,0.0,0.0,106.57275,166.3024,199.90225,81.32719,79.73622,0.0,61.54673,0.0,0.0,0.0,0.0,73.5864,260.2501,181.89235,0.0,0.0,303.1505,0.0,221.87595,0.0,35.49238,343.65973,0.0,114.10663,258.91653,0.0,0.0,0.0,214.1678,0.0,0.0,0.0,0.0,34.12273,163.12807,0.0,0.0,0.0,312.75333,0.0,0.0,147.2569,126.49147,0.0,0.0,0.0,306.49948,125.640526,227.06732,0.0,236.22444,0.0,0.0,0.0,0.0,0.0,0.0,real
132.38745,0.0,0.0,142.03116,0.0,0.0,0.0,58.679234,124.79505,115.554634,58.74447,64.556,0.0,33.284706,0.0,0.0,0.0,0.0,75.273674,163.55405,92.74399,0.0,0.0,181.71704,0.0,108.357475,0.0,28.128796,191.56737,0.0,61.487545,173.46324,0.0,0.0,0.0,105.26805,0.0,0.0,0.0,0.0,0.0,100.57205,0.0,0.0,0.0,168.31752,0.0,0.0,72.72302,77.53366,0.0,0.0,0.0,179.9236,81.51668,98.169136,0.0,123.02133,0.0,0.0,0.0,0.0,0.0,0.0,deepfake
208.73943,0.0,0.0,168.54099,0.0,0.0,0.0,86.40618,151.28058,173.24753,58.68161,59.068485,0.0,35.044617,0.0,0.0,0.0,0.0,42.78167,208.07608,159.33566,0.0,0.0,255.79399,0.0,179.98706,0.0,33.72538,274.81696,0.0,102.42613,227.63585,0.0,0.0,0.0,178.17369,0.0,0.0,0.0,0.0,18.18332,136.05035,0.0,0.0,0.0,254.47073,0.0,0.0,105.07809,97.249794,0.0,0.0,0.0,265.95068,98.872635,158.4777,0.0,202.11694,0.0,0.0,0.0,0.0,0.0,0.0,real
214.74997,0.0,0.0,190.69998,0.0,0.0,0.0,93.71532,178.11343,177.75316,74.15477,32.59655,0.0,38.499138,0.0,0.0,0.0,0.0,29.077549,229.65776,181.97081,0.0,0.0,261.04468,0.0,186.05888,0.0,46.704792,257.1145,0.0,97.9008,233.40063,0.0,0.0,0.0,211.5135,0.0,0.0,0.0,0.0,34.5414,146.54527,0.0,0.0,0.0,260.04138,0.0,0.0,102.64816,88.67647,0.0,0.0,0.0,270.41785,121.75224,169.75392,0.0,198.14697,0.0,0.0,0.0,0.0,0.0,0.0,real
226.4824,0.0,0.0,195.16846,0.0,0.0,0.0,100.73849,174.84557,194.08636,67.067406,54.769352,0.0,48.332912,0.0,0.0,0.0,0.0,53.32255,242.31354,188.37952,0.0,0.0,290.26852,0.0,215.88062,0.0,45.855457,304.93298,0.0,122.380295,271.36768,0.0,0.0,0.0,228.72672,0.0,0.0,0.0,0.0,30.933647,160.6935,0.0,0.0,0.0,287.04214,0.0,0.0,127.28678,106.20046,0.0,0.0,0.0,303.88474,132.72672,202.69647,0.0,233.59296,0.0,0.0,0.0,0.0,0.0,0.0,real
155.70555,0.0,0.0,166.96298,0.0,0.0,0.0,77.280365,143.02591,135.68842,59.57791,62.013645,0.0,34.011333,0.0,0.0,0.0,0.0,68.50356,195.68399,130.57956,0.0,0.0,222.16681,0.0,132.0847,0.0,38.313625,226.68578,0.0,75.43683,213.09808,0.0,0.0,0.0,153.74098,0.0,0.0,0.0,0.0,0.0,122.51182,0.0,0.0,0.0,202.05284,0.0,0.0,96.05881,81.7231,0.0,0.0,0.0,216.02148,104.32676,123.96426,0.0,159.24207,0.0,0.0,0.0,0.0,0.0,0.0,deepfake
166.26749,0.0,0.0,128.44804,0.0,0.0,0.0,60.46861,111.667336,137.99834,57.019196,57.86078,0.0,33.605724,5.7861032,0.0,0.0,0.0,29.546547,177.66042,148.56241,0.0,0.0,222.38908,0.0,137.12111,0.0,15.402062,251.84293,0.0,78.87531,187.19592,0.0,0.0,0.0,127.767784,0.0,0.0,0.0,0.0,21.986567,97.769455,0.0,0.0,0.0,212.34386,0.0,0.0,88.09689,90.32225,0.0,0.0,0.0,216.1298,73.81717,127.8041,0.0,194.28589,0.0,0.0,0.0,0.0,0.0,0.0,real
208.75323,0.0,0.0,193.98918,0.0,0.0,0.0,92.48313,168.8631,161.25049,75.95947,33.964233,0.0,44.17041,0.0,0.0,0.0,0.0,32.804436,214.80145,173.28061,0.0,0.0,250.74985,0.0,168.06203,0.0,49.52537,242.45753,0.0,89.030716,230.63531,0.0,0.0,0.0,199.47539,0.0,0.0,0.0,0.0,23.094679,147.61954,0.0,0.0,0.0,243.64626,0.0,0.0,95.40122,80.46957,0.0,0.0,0.0,251.48445,118.001816,151.62434,0.0,183.85162,0.0,0.0,0.0,0.0,0.0,0.0,real
200.99384,0.0,0.0,202.47931,0.0,0.0,0.0,101.006546,180.25256,182.24309,77.34158,67.82326,0.0,50.984818,0.0,0.0,0.0,0.0,79.577736,231.50388,153.4158,0.0,0.0,267.10394,0.0,184.34277,0.0,42.865166,269.37427,0.0,93.633484,245.77232,0.0,0.0,0.0,196.47942,0.0,0.0,0.0,0.0,0.795203,156.28053,0.0,0.0,0.0,266.43365,0.0,0.0,108.58938,107.75545,0.0,0.0,0.0,263.94113,120.06366,168.97351,0.0,193.33118,0.0,0.0,0.0,0.0,0.0,0.0,deepfake
120.69088,3.4321547,0.0,135.15247,0.0,0.0,0.0,52.609066,108.340675,98.788025,50.061176,57.150154,0.0,25.930471,0.0,0.0,0.0,0.0,63.76302,158.17561,93.151184,0.0,0.0,167.97595,0.0,86.18725,0.0,25.132664,174.98438,0.0,56.5105,169.89577,0.0,0.0,0.0,99.30464,0.0,0.0,0.0,0.0,0.0,86.63434,0.0,0.0,0.0,144.08888,0.0,0.0,72.83395,63.012287,0.0,0.0,0.0,162.2099,84.90072,83.08971,0.0,117.40595,0.0,0.0,0.0,0.0,0.0,0.0,deepfake
199.12173,0.0,0.0,187.03908,0.0,0.0,0.0,84.95398,168.53413,159.35481,71.04332,45.092003,0.0,40.88602,0.0,0.0,0.0,0.0,38.698925,217.68881,170.42639,0.0,0.0,251.25089,0.0,163.91238,0.0,47.486355,240.4365,0.0,92.58675,230.77533,0.0,0.0,0.0,196.91724,0.0,0.0,0.0,0.0,18.559847,141.30481,0.0,0.53065467,0.0,238.45224,0.0,0.0,97.03412,83.30422,0.0,0.0,0.0,246.54701,120.67365,149.86499,0.0,183.78932,0.0,0.0,0.0,0.0,0.0,0.0,real
199.76018,0.0,0.0,183.00986,0.0,0.0,0.0,84.86305,171.58264,161.2659,71.07673,37.005024,0.0,38.64668,0.0,0.0,0.0,0.0,33.74901,220.22664,174.02109,0.0,0.0,249.28929,0.0,165.7434,0.0,45.31818,237.96062,0.0,91.87636,230.02127,0.0,0.0,0.0,199.32625,0.0,0.0,0.0,0.0,23.288141,139.30939,0.0,0.0,0.0,241.4765,0.0,0.0,98.23293,81.822495,0.0,0.0,0.0,250.98961,119.77542,155.8117,0.0,185.26787,0.0,0.0,0.0,0.0,0.0,0.0,real
154.79079,0.0,0.0,163.24971,0.0,0.0,0.0,73.21175,139.63455,137.41353,60.46052,63.9063,0.0,38.237545,0.0,0.0,0.0,0.0,76.066055,186.0963,112.912834,0.0,0.0,206.88513,0.0,131.99016,0.0,31.690445,218.77368,0.0,73.57511,199.43613,0.0,0.0,0.0,135.00679,0.0,0.0,0.0,0.0,0.0,118.68786,0.0,0.0,0.0,197.7417,0.0,0.0,87.70826,85.13866,0.0,0.0,0.0,208.6235,95.947464,124.65929,0.0,146.89378,0.0,0.0,0.0,0.0,0.0,0.0,deepfake
172.65594,0.30583674,0.0,167.18431,0.0,0.0,0.0,72.9711,156.57898,145.35217,58.884098,38.123856,0.0,27.261171,0.0,0.0,0.0,0.0,37.633434,202.53258,160.68211,0.0,0.0,234.91473,0.0,145.94731,0.0,42.35259,228.4252,0.0,86.86449,215.058,0.0,0.0,0.0,182.23357,0.0,0.0,0.0,0.0,12.899491,123.326645,0.0,0.0,0.0,210.5811,0.0,0.0,98.06346,78.30298,0.0,0.0,0.0,225.84673,110.36564,138.95932,0.0,181.7281,0.0,0.0,3.730711,0.0,0.0,0.0,real
184.78288,0.0,0.0,175.77734,0.0,0.0,0.0,74.63942,157.14326,142.7024,69.12746,36.798912,0.0,38.916447,0.0,0.0,0.0,0.0,29.098877,202.34708,156.97668,0.0,0.0,231.82397,0.0,144.67119,0.0,47.51713,218.89276,0.0,80.15446,214.82085,0.0,0.0,0.0,178.79889,0.0,0.0,0.0,0.0,17.659594,128.82414,0.0,0.0,0.0,210.92978,0.0,0.0,87.61296,72.840546,0.0,0.0,0.0,225.57745,108.96713,136.51219,0.0,167.08888,0.0,0.0,0.0,0.0,0.0,0.0,real
109.25271,0.0,0.0,132.3018,0.0,0.0,0.0,48.2189,112.47815,92.62155,48.55239,50.75322,0.0,23.585363,0.0,0.0,0.0,0.0,55.2672,155.07596,102.82218,0.0,0.0,172.22543,0.0,87.964745,0.0,29.683235,173.19205,0.0,55.538452,169.22415,0.0,0.0,0.0,107.0102,0.0,0.0,0.0,0.0,0.0,84.87535,0.0,0.0,0.0,143.77892,0.0,0.0,72.092995,66.80241,0.0,0.0,0.0,156.96329,84.496796,85.68216,0.0,122.86485,0.0,0.0,0.0,0.0,0.0,0.0,deepfake
157.04077,0.0,0.0,159.07733,0.0,0.0,0.0,78.39445,131.38858,132.90686,57.715042,66.065704,0.0,34.8911,0.0,0.0,0.0,0.0,74.35464,191.4682,112.93403,0.0,0.0,212.4112,0.0,124.961266,0.0,30.358295,223.65283,0.0,66.965004,205.92604,0.0,0.0,0.0,134.74165,0.0,0.0,0.0,0.0,0.0,119.30397,0.0,0.0,0.0,200.30743,0.0,0.0,95.362816,78.45773,0.0,0.0,0.0,215.24332,96.63083,117.26746,0.0,149.57014,0.0,0.0,0.0,0.0,0.0,0.0,deepfake
235.58078,0.0,0.0,215.78766,0.0,0.0,0.0,114.17052,201.30318,208.48831,72.99506,47.758762,0.0,47.35809,0.0,0.0,0.0,0.0,54.10734,259.55783,200.65642,0.0,0.0,305.10605,0.0,217.76144,0.0,51.54819,302.0244,0.0,116.758026,281.87494,0.0,0.0,0.0,249.54903,0.0,0.0,0.0,0.0,27.590755,174.3533,0.0,0.18753695,0.0,303.17755,0.0,0.0,132.64633,105.09022,0.0,0.0,0.0,306.83496,142.89555,205.15022,0.0,243.01917,0.0,0.0,3.2136598,0.0,0.0,0.0,real
121.67936,0.0,0.0,130.86464,0.0,0.0,0.0,43.580044,118.049355,105.4434,59.676567,60.2307,0.0,27.547493,0.0,0.0,0.0,0.0,65.4132,145.29256,88.929794,0.0,0.0,173.72275,0.0,99.327965,0.0,32.13715,175.50653,0.0,57.191788,157.60796,0.0,0.0,0.0,98.88348,0.0,0.0,0.0,0.0,0.0,94.11462,0.0,0.0,0.0,152.82867,0.0,0.0,60.60583,77.47177,0.0,0.0,0.0,164.7425,73.916534,88.628944,0.0,109.47012,0.0,0.0,0.0,0.0,0.0,0.0,deepfake
130.63016,0.0,0.0,148.49721,0.0,0.0,0.0,59.335777,128.23593,112.388374,56.899376,58.915867,0.0,32.034714,0.0,0.0,0.0,0.0,73.25089,170.78958,92.55357,0.0,0.0,179.41846,0.0,106.933334,0.0,28.331463,191.35568,0.0,62.850212,180.3216,0.0,0.0,0.0,104.38519,0.0,0.0,0.0,0.0,0.0,98.80003,0.0,0.0,0.0,172.21466,0.0,0.0,74.157425,76.41736,0.0,0.0,0.0,177.73918,88.58913,96.35985,0.0,128.06277,0.0,0.0,0.0,0.0,0.0,0.0,deepfake
152.82336,0.0,0.0,162.25354,0.0,0.0,0.0,69.81698,139.55212,135.06926,61.83821,61.989693,0.0,42.100212,0.0,0.0,0.0,0.0,71.147964,188.16452,116.89477,0.0,0.0,208.02846,0.0,130.62097,0.0,32.391068,213.88303,0.0,78.47156,200.06773,0.0,0.0,0.0,143.35333,0.0,0.0,0.0,0.0,0.0,121.50586,0.0,0.0,0.0,191.71556,0.0,0.0,86.24962,84.07341,0.0,0.0,0.0,207.0032,100.84092,122.21679,0.0,149.45506,0.0,0.0,0.0,0.0,0.0,0.0,deepfake
208.5233,0.0,0.0,186.93976,0.0,0.0,0.0,89.83849,171.27187,164.13182,73.9321,36.935837,0.0,40.459618,0.0,0.0,0.0,0.0,35.55351,218.68033,169.48123,0.0,0.0,249.6647,0.0,170.60158,0.0,46.712727,241.58153,0.0,91.397896,227.452,0.0,0.0,0.0,199.17993,0.0,0.0,0.0,0.0,22.39263,145.16435,0.0,0.27134013,0.0,243.81726,0.0,0.0,96.28666,79.87914,0.0,0.0,0.0,252.18721,118.27476,151.39648,0.0,182.44792,0.0,0.0,0.0,0.0,0.0,0.0,real
240.99768,0.0,0.0,202.8745,0.0,0.0,0.0,113.19639,178.96326,210.00311,69.52354,60.758385,0.0,44.942696,0.0,0.0,0.0,0.0,64.671844,248.4902,177.10666,0.0,0.0,289.85373,0.0,215.79407,0.0,39.832573,310.27573,0.0,116.28904,271.07367,0.0,0.0,0.0,217.11533,0.0,0.0,0.0,0.0,24.337244,167.07764,0.0,0.0,0.0,303.99554,0.0,0.0,128.45123,110.95787,0.0,0.0,0.0,311.67642,126.21467,196.59383,0.0,234.40233,0.0,0.0,0.0,0.0,0.0,0.0,real
137.60873,0.0,0.0,145.48433,0.0,0.0,0.0,55.38799,123.66197,113.81101,57.928974,56.42749,0.0,30.131416,0.0,0.0,0.0,0.0,60.629314,165.483,105.2221,0.0,0.0,188.73116,0.0,107.8013,0.0,28.005459,193.3644,0.0,60.404797,169.47974,0.0,0.0,0.0,115.662476,0.0,0.0,0.0,0.0,0.0,95.34266,0.0,0.0,0.0,169.40176,0.0,0.0,73.65295,76.23579,0.0,0.0,0.0,177.755,83.06111,102.93683,0.0,126.57417,0.0,0.0,0.0,0.0,0.0,0.0,deepfake
134.24246,0.0,0.0,147.7006,0.0,0.0,0.0,65.91584,128.3249,119.85526,59.873096,65.11826,0.0,37.29497,0.0,0.0,0.0,0.0,76.24016,172.54343,99.976074,0.0,0.0,191.02228,0.0,113.1397,0.0,28.452007,198.0961,0.0,63.793007,182.6046,0.0,0.0,0.0,112.3144,0.0,0.0,0.0,0.0,0.0,107.35045,0.0,0.0,0.0,179.23026,0.0,0.0,77.76773,84.227165,0.0,0.0,0.0,187.88916,86.09563,105.49068,0.0,132.73524,0.0,0.0,0.0,0.0,0.0,0.0,deepfake
132.37404,0.0,0.0,138.47513,0.0,0.0,0.0,52.463497,121.6531,110.51749,57.83914,56.77225,0.0,29.500044,0.0,0.0,0.0,0.0,59.8632,159.0917,109.07178,0.0,0.0,185.76474,0.0,107.33787,0.0,29.172667,187.9765,0.0,66.044235,173.35109,0.0,0.0,0.0,121.54223,0.0,0.0,0.0,0.0,0.0,96.070755,0.0,0.0,0.0,162.65137,0.0,0.0,72.88402,74.54801,0.0,0.0,0.0,179.3552,85.7965,99.5361,0.0,127.68889,0.0,0.0,0.0,0.0,0.0,0.0,deepfake
148.72472,0.0,0.0,158.21318,0.0,0.0,0.0,69.247604,132.54694,129.66924,58.75953,57.956566,0.0,30.989206,0.0,0.0,0.0,0.0,67.40717,186.81384,114.046425,0.0,0.0,199.62563,0.0,124.0799,0.0,27.653248,213.10597,0.0,68.73383,196.12003,0.0,0.0,0.0,130.54674,0.0,0.0,0.0,0.0,0.0,105.0925,0.0,0.0,0.0,192.62526,0.0,0.0,84.574844,81.78012,0.0,0.0,0.0,195.85265,93.830826,116.03036,0.0,149.20497,0.0,0.0,0.0,0.0,0.0,0.0,deepfake
232.34305,0.0,0.0,191.89615,0.0,0.0,0.0,104.93833,170.08301,196.6554,62.753677,58.799454,0.0,41.147472,0.0,0.0,0.0,0.0,53.104416,232.29465,174.10416,0.0,0.0,285.72116,0.0,215.18657,0.0,43.39083,307.34592,0.0,127.553604,264.90793,0.0,0.0,0.0,214.39714,0.0,0.0,0.0,0.0,21.823503,162.30908,0.0,0.0,0.0,290.3918,0.0,0.0,123.35887,108.108826,0.0,0.0,0.0,304.9065,123.89735,189.84628,0.0,225.0585,0.0,0.0,0.0,0.0,0.0,0.0,real
147.20119,2.6071787,0.0,154.63008,0.0,0.0,0.0,61.016754,139.70775,122.97908,57.470795,42.41285,0.0,24.299667,1.6594594,0.0,0.0,0.0,39.46117,186.70691,147.02388,0.0,0.0,215.33855,0.0,121.53348,0.0,41.93626,205.39587,0.0,73.77341,204.2895,0.0,0.0,0.0,164.25304,0.0,0.0,0.0,0.0,4.5493474,108.70202,0.0,0.0,0.0,182.72023,0.0,0.0,90.66083,71.51254,0.0,0.0,0.0,197.56563,104.78197,121.477516,0.0,165.2253,0.0,0.0,5.7529263,0.0,0.0,0.0,real
162.44473,0.0,0.0,171.8211,0.0,0.0,0.0,75.50685,148.2113,142.21155,67.23912,58.369038,0.0,38.892113,0.0,0.0,0.0,0.0,73.02038,196.23178,121.59405,0.0,0.0,219.27896,0.0,137.57603,0.0,34.72426,228.16092,0.0,75.79328,207.47224,0.0,0.0,0.0,150.85092,0.0,0.0,0.0,0.0,0.0,124.576256,0.0,0.0,0.0,208.75215,0.0,0.0,88.04307,85.368546,0.0,0.0,0.0,216.65176,100.852806,125.77787,0.0,155.50214,0.0,0.0,0.0,0.0,0.0,0.0,deepfake
210.15918,0.0,0.0,191.17671,0.0,0.0,0.0,94.434265,172.24661,165.05309,74.861885,38.294353,0.0,41.979263,0.0,0.0,0.0,0.0,38.50696,221.87363,171.59152,0.0,0.0,253.8982,0.0,173.64421,0.0,47.038074,249.77742,0.0,92.189575,231.74242,0.0,0.0,0.0,198.93832,0.0,0.0,0.0,0.0,21.714643,144.7405,0.0,0.0,0.0,250.36594,0.0,0.0,100.59905,83.15306,0.0,0.0,0.0,257.77924,120.34329,157.49258,0.0,190.3057,0.0,0.0,0.0,0.0,0.0,0.0,real
139.63388,0.0,0.0,151.3254,0.0,0.0,0.0,68.45361,127.00992,118.7373,54.066284,56.956352,0.0,34.026833,0.0,0.0,0.0,0.0,70.94575,177.50104,101.53428,0.0,0.0,189.16339,0.0,114.50851,0.0,26.610075,201.13956,0.0,67.296394,189.4832,0.0,0.0,0.0,119.72799,0.0,0.0,0.0,0.0,0.0,107.43039,0.0,0.0,0.0,179.00235,0.0,0.0,84.43254,73.14761,0.0,0.0,0.0,191.80388,92.56467,106.021484,0.0,138.27576,0.0,0.0,0.0,0.0,0.0,0.0,deepfake
123.45,0.0,0.0,136.17424,0.0,0.0,0.0,44.422405,118.776566,105.42511,55.053116,54.492702,0.0,24.51833,0.0,0.0,0.0,0.0,59.182934,156.62764,97.81359,0.0,0.0,173.38481,0.0,96.39141,0.0,27.429943,183.248,0.0,61.289013,161.9006,0.0,0.0,0.0,101.827484,0.0,0.0,0.0,0.0,0.0,86.47144,0.0,0.0,0.0,150.95586,0.0,0.0,64.97615,76.27504,0.0,0.0,0.0,162.68456,78.38708,91.06926,0.0,119.68013,0.0,0.0,0.0,0.0,0.0,0.0,deepfake
146.52054,0.0,11.705855,134.95647,0.0,0.0,0.0,42.343536,127.62645,140.48596,67.11612,55.161137,0.0,18.68104,0.0,0.0,0.0,0.0,41.34852,186.02608,148.14783,0.0,0.0,222.93707,0.0,143.01218,0.0,24.886639,244.14673,0.0,71.96129,186.04489,0.0,0.0,0.0,145.21356,0.0,0.0,0.0,0.0,19.889774,84.46324,0.0,0.0,0.0,193.70476,0.0,0.0,97.603676,96.1759,0.0,0.0,0.0,212.50839,79.83658,147.73834,0.0,179.13348,0.0,0.0,0.0,0.0,0.0,0.0,real
243.63008,0.0,0.0,215.5284,0.0,0.0,0.0,115.596306,196.01025,198.5895,82.50707,40.96215,0.0,50.61246,0.0,0.0,0.0,0.0,43.607567,247.88663,194.97667,0.0,0.0,287.13245,0.0,211.95947,0.0,49.79941,286.77557,0.0,110.15281,264.04626,0.0,0.0,0.0,239.14253,0.0,0.0,0.0,0.0,31.129501,171.37392,0.0,1.063422,0.0,296.04175,0.0,0.0,118.14399,97.06779,0.0,0.0,0.0,297.57278,137.389,189.32594,0.0,219.3227,0.0,0.0,0.0,0.0,0.0,0.0,real
131.47615,0.0,0.0,138.99843,0.0,0.0,0.0,54.491154,118.8867,113.237755,57.565155,61.425034,0.0,30.57833,0.0,0.0,0.0,0.0,72.3544,162.98543,90.89635,0.0,0.0,177.75723,0.0,103.16216,0.0,26.6959,194.42496,0.0,60.499233,168.62851,0.0,0.0,0.0,99.09356,0.0,0.0,0.0,0.0,0.0,94.30682,0.0,0.0,0.0,166.4544,0.0,0.0,71.85174,74.74899,0.0,0.0,0.0,177.1169,78.86492,94.66739,0.0,119.52422,0.0,0.0,0.0,0.0,0.0,0.0,deepfake
117.089386,0.0,0.0,124.71263,0.0,0.0,0.0,40.451866,109.901985,95.22247,54.046303,61.280205,0.0,24.337872,0.0,0.0,0.0,0.0,60.345554,148.21631,92.615585,0.0,0.0,165.34877,0.0,83.21087,0.0,26.129787,170.63023,0.0,53.73628,153.15994,0.0,0.0,0.0,89.95015,0.0,0.0,0.0,0.0,0.0,82.26261,0.0,0.0,0.0,136.23582,0.0,0.0,64.37631,66.62556,0.0,0.0,0.0,155.45274,73.485725,79.75513,0.0,107.324394,0.0,0.0,0.0,0.0,0.0,0.0,deepfake
200.15709,0.0,0.0,186.1726,0.0,0.0,0.0,86.64603,173.13599,161.75754,73.05931,35.897995,0.0,38.502014,0.0,0.0,0.0,0.0,34.760273,218.5171,173.19337,0.0,0.0,248.88101,0.0,164.4047,0.0,46.707813,238.44614,0.0,91.46196,227.44171,0.0,0.0,0.0,196.20688,0.0,0.0,0.0,0.0,22.231434,139.5626,0.0,0.0,0.0,240.52734,0.0,0.0,95.72245,83.20263,0.0,0.0,0.0,251.97636,119.79018,154.51051,0.0,182.5935,0.0,0.0,0.0,0.0,0.0,0.0,real
234.99986,0.0,0.0,208.33022,0.0,0.0,0.0,111.46532,192.95221,194.12067,82.21633,38.854057,0.0,49.25218,0.0,0.0,0.0,0.0,45.94578,241.65944,187.29698,0.0,0.0,281.13873,0.0,204.7675,0.0,49.916714,277.86227,0.0,102.71377,255.35522,0.0,0.0,0.0,225.96823,0.0,0.0,0.0,0.0,29.666254,168.99236,0.0,0.31285548,0.0,284.54138,0.0,0.0,114.13797,91.93916,0.0,0.0,0.0,290.37057,131.77173,182.34834,0.0,214.19292,0.0,0.0,0.0,0.0,0.0,0.0,real
118.83551,0.0,0.0,131.75072,0.0,0.0,0.0,47.491177,111.64959,95.34277,50.403748,60.634464,0.0,26.443174,0.0,0.0,0.0,0.0,58.914204,153.34952,100.00889,0.0,0.0,170.54118,0.0,93.67581,0.0,27.479023,175.13115,0.0,61.03415,169.1766,0.0,0.0,0.0,105.29335,0.0,0.0,0.0,0.0,0.0,88.92558,0.0,0.0,0.0,148.64328,0.0,0.0,75.34725,69.323975,0.0,0.0,0.0,165.2073,84.49508,91.47206,0.0,118.41023,0.0,0.0,0.0,0.0,0.0,0.0,deepfake
125.62759,0.0,0.0,139.09148,0.0,0.0,0.0,53.585125,115.89174,106.92764,47.82542,59.351357,0.0,30.263048,0.0,0.0,0.0,0.0,64.416016,160.6323,92.86015,0.0,0.0,169.16222,0.0,100.40164,0.0,26.861635,182.23611,0.0,64.865585,174.29756,0.0,0.0,0.0,102.77787,0.0,0.0,0.0,0.0,0.0,91.87134,0.0,0.0,0.0,152.41014,0.0,0.0,76.75436,69.024025,0.0,0.0,0.0,170.6972,82.96893,95.31029,0.0,127.47929,0.0,0.0,0.0,0.0,0.0,0.0,deepfake
113.49191,0.0,0.0,130.24916,0.0,0.0,0.0,46.779476,114.05598,96.54123,51.95233,56.38804,0.0,24.831743,0.0,0.0,0.0,0.0,61.09694,150.13269,93.13831,0.0,0.0,166.05533,0.0,86.965355,0.0,28.158892,170.98047,0.0,54.949745,162.23477,0.0,0.0,0.0,97.34119,0.0,0.0,0.0,0.0,0.0,84.77213,0.0,0.0,0.0,141.0891,0.0,0.0,67.03183,68.94202,0.0,0.0,0.0,156.10446,76.198616,83.820526,0.0,113.784355,0.0,0.0,0.0,0.0,0.0,0.0,deepfake
225.11148,0.0,0.0,215.01595,0.0,0.0,0.0,115.4366,199.1333,195.55733,71.38287,52.175743,0.0,46.16077,0.0,0.0,0.0,0.0,63.120502,252.5404,185.27802,0.0,0.0,291.58823,0.0,207.06068,0.0,51.77406,293.70496,0.0,110.57516,276.49005,0.0,0.0,0.0,234.8933,0.0,0.0,0.0,0.0,19.258947,172.76399,0.0,0.0,0.0,292.37292,0.0,0.0,126.940186,105.45569,0.0,0.0,0.0,295.07092,136.23239,196.21213,0.0,232.05492,0.0,0.0,0.0,0.0,0.0,0.0,real
214.1923,0.0,5.8661647,167.78654,0.0,0.0,0.0,89.979355,144.86519,184.33098,58.624264,57.239513,0.0,33.665264,0.0,0.0,0.0,0.0,48.270317,228.36935,180.72208,0.0,0.0,272.88846,0.0,192.76447,0.0,25.529518,321.31616,0.0,109.156746,249.83792,0.0,0.0,0.0,179.63351,0.0,0.0,0.0,0.0,35.45622,132.01851,0.0,0.0,0.0,276.78827,0.0,0.0,129.41455,105.16465,0.0,0.0,0.0,289.05603,106.378746,192.79286,0.0,239.03989,0.0,0.0,0.0,0.0,0.0,0.0,real
229.8955,0.0,0.0,186.90437,0.0,0.0,0.0,101.043106,166.91064,195.10866,58.154324,56.364094,0.0,50.3556,0.0,0.0,0.0,0.0,59.18262,237.82515,170.24614,0.0,0.0,266.74966,0.0,201.79753,0.0,27.855846,298.24988,0.0,112.31173,251.30338,0.0,0.0,0.0,197.6785,0.0,0.0,0.0,0.0,30.657948,155.81181,0.0,0.0,0.0,284.80762,0.0,0.0,133.63956,98.1123,0.0,0.0,0.0,294.98407,117.84803,191.91957,0.0,229.84851,0.0,0.0,0.0,0.0,0.0,0.0,real
259.32968,0.0,0.0,224.64275,0.0,0.26221406,0.0,123.67994,207.09216,213.89465,85.15654,37.807034,0.0,52.986256,0.0,0.0,0.0,0.0,45.305733,261.37537,200.83934,0.0,0.0,302.59775,0.0,228.75983,0.0,53.574825,301.4569,0.0,115.796455,274.7287,0.0,0.0,0.0,249.64952,0.0,0.0,0.0,0.0,36.06583,183.46681,0.0,2.4231498,0.0,317.48218,0.0,0.0,122.99478,99.73241,0.0,0.0,0.0,315.96927,141.65775,204.09581,0.0,232.80318,0.0,0.0,0.0,0.0,0.0,0.0,real
156.70815,0.0,0.0,164.87221,0.0,0.0,0.0,79.73451,142.28809,137.34438,55.7956,64.78029,0.0,36.306736,0.0,0.0,0.0,0.0,74.58269,194.63268,120.68095,0.0,0.0,207.53015,0.0,129.39395,0.0,32.372265,220.48299,0.0,75.29138,206.94713,0.0,0.0,0.0,136.78566,0.0,0.0,0.0,0.0,0.0,119.80882,0.0,0.0,0.0,199.19319,0.0,0.0,95.07637,79.53323,0.0,0.0,0.0,214.82358,100.63703,118.64926,0.0,152.03664,0.0,0.0,0.0,0.0,0.0,0.0,deepfake
195.43681,0.0,0.0,181.73012,0.0,0.0,0.0,83.67385,167.02524,156.70735,70.421555,42.720863,0.0,40.41904,0.0,0.0,0.0,0.0,39.549545,212.51146,164.6189,0.0,0.0,246.58017,0.0,161.71175,0.0,47.035244,236.68004,0.0,88.283005,224.78581,0.0,0.0,0.0,191.58055,0.0,0.0,0.0,0.0,17.428375,141.54839,0.0,0.0,0.0,231.52959,0.0,0.0,95.736855,80.09027,0.0,0.0,0.0,241.48164,117.25686,147.62865,0.0,178.61676,0.0,0.0,0.0,0.0,0.0,0.0,real
113.59979,0.0,0.0,131.35638,0.0,0.0,0.0,46.35986,114.21839,96.44789,53.53972,53.75087,0.0,26.778921,0.0,0.0,0.0,0.0,63.06972,150.97714,92.69241,0.0,0.0,163.48175,0.0,85.61077,0.0,27.007114,168.44012,0.0,55.971222,158.59488,0.0,0.0,0.0,93.52479,0.0,0.0,0.0,0.0,0.0,85.05399,0.0,0.0,0.0,141.86676,0.0,0.0,62.92071,67.96983,0.0,0.0,0.0,158.07062,76.337036,79.329765,0.0,110.998695,0.0,0.0,0.0,0.0,0.0,0.0,deepfake
215.39905,0.0,0.0,201.15196,0.0,0.0,0.0,103.03621,185.86128,190.07451,67.303024,45.309402,0.0,43.071545,0.0,0.0,0.0,0.0,50.484097,244.45703,185.50754,0.0,0.0,284.22238,0.0,196.52388,0.0,48.83158,282.24826,0.0,105.28999,261.41782,0.0,0.0,0.0,226.25092,0.0,0.0,0.0,0.0,22.38004,160.60895,0.0,0.0,0.0,275.17126,0.0,0.0,121.83121,97.52646,0.0,0.0,0.0,281.5651,134.71518,184.90971,0.0,224.66403,0.0,0.0,4.0291605,0.0,0.0,0.0,real
210.31218,0.0,0.0,174.10728,0.0,0.0,0.0,86.56214,155.15584,178.59802,62.620117,54.210064,0.0,30.682997,0.0,0.0,0.0,0.0,48.208652,218.18837,159.70111,0.0,0.0,252.5231,0.0,177.6161,0.0,31.362673,277.9356,0.0,98.712746,231.46288,0.0,0.0,0.0,177.55786,0.0,0.0,0.0,0.0,22.175758,134.62401,0.0,0.0,0.0,259.98148,0.0,0.0,114.92087,98.10135,0.0,0.0,0.0,265.27393,106.99264,165.04655,0.0,209.7691,0.0,0.0,0.0,0.0,0.0,0.0,real
125.184494,0.0,0.0,140.5105,0.0,0.0,0.0,60.95993,120.391205,113.950516,52.783577,55.6632,0.0,30.542982,0.0,0.0,0.0,0.0,67.81704,167.64737,102.826744,0.0,0.0,176.85867,0.0,104.51819,0.0,25.917381,188.74512,0.0,62.632343,174.32065,0.0,0.0,0.0,110.89827,0.0,0.0,0.0,0.0,0.0,93.720604,0.0,0.0,0.0,162.9746,0.0,0.0,80.103836,73.599236,0.0,0.0,0.0,174.30525,83.171364,102.72944,0.0,128.82925,0.0,0.0,0.0,0.0,0.0,0.0,deepfake
218.93123,0.0,0.0,200.96507,0.0,0.0,0.0,96.55055,184.80307,172.55235,78.10627,40.759285,0.0,43.559547,0.0,0.0,0.0,0.0,43.58498,231.2802,170.88257,0.0,0.0,263.3695,0.0,178.31424,0.0,50.44512,259.78574,0.0,97.544044,249.0833,0.0,0.0,0.0,210.19493,0.0,0.0,0.0,0.0,23.088371,159.20456,0.0,0.0,0.0,256.87576,0.0,0.0,104.65854,85.49892,0.0,0.0,0.0,264.94913,123.05635,165.6897,0.0,197.92758,0.0,0.0,0.0,0.0,0.0,0.0,real
145.13675,0.0,0.0,153.3298,0.0,0.0,0.0,68.98585,130.26045,130.44511,56.621178,63.097717,0.0,43.970844,0.0,0.0,0.0,0.0,74.79775,177.64122,98.85587,0.0,0.0,191.82579,0.0,123.61322,0.0,27.127106,198.67116,0.0,70.90701,189.06686,0.0,0.0,0.0,122.676254,0.0,0.0,0.0,0.0,0.0,114.67476,0.0,0.0,0.0,183.71262,0.0,0.0,82.72171,81.677155,0.0,0.0,0.0,197.1178,90.89275,113.35828,0.0,135.12376,0.0,0.0,0.0,0.0,0.0,0.0,deepfake
238.43008,0.0,0.0,218.26283,0.0,0.0,0.0,113.17988,205.1368,203.95764,80.37445,41.483887,0.0,46.67083,0.0,0.0,0.0,0.0,45.65993,260.4883,200.91095,0.0,0.0,296.98865,0.0,212.82193,0.0,53.461834,290.55066,0.0,111.72723,274.59964,0.0,0.0,0.0,243.42802,0.0,0.0,0.0,0.0,29.747166,174.01224,0.0,0.0,0.0,299.43414,0.0,0.0,122.07555,99.53123,0.0,0.0,0.0,305.7756,141.1007,196.73376,0.0,228.49245,0.0,0.0,0.0,0.0,0.0,0.0,real
130.7643,0.0,0.0,141.17215,0.0,0.0,0.0,55.63348,122.17997,111.91415,58.874382,64.240456,0.0,38.721596,0.0,0.0,0.0,0.0,70.41287,165.84659,101.882256,0.0,0.0,185.25284,0.0,105.714485,0.0,26.5479,187.65118,0.0,62.63917,175.99191,0.0,0.0,0.0,112.92122,0.0,0.0,0.0,0.0,0.0,101.14905,0.0,0.0,0.0,164.96175,0.0,0.0,76.45751,78.46153,0.0,0.0,0.0,179.02626,84.46808,99.17229,0.0,129.04597,0.0,0.0,0.0,0.0,0.0,0.0,deepfake
144.78122,0.0,0.0,152.93506,0.0,0.0,0.0,66.024124,129.50517,123.110825,54.558258,56.62519,0.0,29.799477,0.0,0.0,0.0,0.0,71.33075,179.46234,106.26922,0.0,0.0,192.28903,0.0,112.48751,0.0,31.343246,209.81241,0.0,73.74239,195.06088,0.0,0.0,0.0,121.17788,0.0,0.0,0.0,0.0,0.0,108.68521,0.0,0.0,0.0,176.07079,0.0,0.0,85.66579,74.604004,0.0,0.0,0.0,199.84506,96.08186,106.73981,0.0,140.53966,0.0,0.0,0.0,0.0,0.0,0.0,deepfake
199.017,0.0,0.0,188.00052,0.0,0.0,0.0,87.59525,174.32153,171.19676,66.15279,46.982796,0.0,40.030914,0.0,0.0,0.0,0.0,49.429222,224.78629,169.8399,0.0,0.0,262.03113,0.0,173.22166,0.0,45.570213,256.78702,0.0,95.96222,239.47191,0.0,0.0,0.0,203.28029,0.0,0.0,0.0,0.0,15.382121,148.22766,0.0,0.0,0.0,247.39618,0.0,0.0,109.280365,90.746704,0.0,0.0,0.0,260.00653,121.040146,161.96057,0.0,198.32281,0.0,0.0,0.44233808,0.0,0.0,0.0,real
183.47958,0.0,0.0,153.53798,0.0,0.0,0.0,73.710556,141.38179,154.68466,70.04149,72.71415,0.0,40.509323,0.0,0.0,0.0,0.0,63.4568,211.01413,153.20341,0.0,0.0,252.56987,0.0,172.62825,0.0,32.259373,269.72577,0.0,90.49281,230.03035,0.0,0.0,0.0,173.67621,0.0,0.0,0.0,0.0,22.14811,125.10854,0.0,0.0,0.0,238.83757,0.0,0.0,111.46609,103.92714,0.0,0.0,0.0,253.67644,108.35596,173.90259,0.0,190.44252,0.0,0.0,0.0,0.0,0.0,0.0,real
164.25435,0.0,0.0,168.33385,0.0,0.0,0.0,75.999794,147.77843,140.99734,65.06053,63.723732,0.0,42.86262,0.0,0.0,0.0,0.0,71.578255,194.49254,124.43462,0.0,0.0,217.20633,0.0,137.80267,0.0,31.55546,224.49069,0.0,77.44703,208.51132,0.0,0.0,0.0,150.26096,0.0,0.0,0.0,0.0,0.0,125.445786,0.0,0.0,0.0,205.9969,0.0,0.0,93.25276,88.49425,0.0,0.0,0.0,221.84383,98.3337,129.90208,0.0,154.71545,0.0,0.0,0.0,0.0,0.0,0.0,deepfake
154.76227,0.0,0.0,163.24162,0.0,0.0,0.0,74.057434,136.79852,131.78767,56.879616,60.509525,0.0,38.8783,0.0,0.0,0.0,0.0,71.35088,188.4069,115.99311,0.0,0.0,206.56842,0.0,130.65822,0.0,29.598045,215.848,0.0,76.4385,202.81386,0.0,0.0,0.0,138.72224,0.0,0.0,0.0,0.0,0.0,117.39743,0.0,0.0,0.0,194.2502,0.0,0.0,90.80656,80.16556,0.0,0.0,0.0,209.10431,98.59837,120.52394,0.0,150.34862,0.0,0.0,0.0,0.0,0.0,0.0,deepfake
117.61952,0.0,0.0,128.30504,0.0,0.0,0.0,46.299877,111.56575,98.27074,52.996788,56.06356,0.0,26.048244,0.0,0.0,0.0,0.0,58.768166,156.85168,100.55833,0.0,0.0,172.54776,0.0,87.94669,0.0,25.716805,181.948,0.0,52.506344,161.08038,0.0,0.0,0.0,96.93654,0.0,0.0,0.0,0.0,0.0,83.97853,0.0,0.0,0.0,146.39485,0.0,0.0,76.283615,68.32066,0.0,0.0,0.0,162.18631,76.08138,87.861115,0.0,122.77953,0.0,0.0,0.0,0.0,0.0,0.0,deepfake
122.01171,0.0,0.0,139.34964,0.0,0.0,0.0,52.9441,120.46404,107.29117,58.855286,55.161026,0.0,23.707596,0.0,0.0,0.0,0.0,62.622414,155.23157,103.812775,0.0,0.0,186.0795,0.0,100.96444,0.0,32.57276,187.50877,0.0,56.00634,162.95541,0.0,0.0,0.0,109.56468,0.0,0.0,0.0,0.0,0.0,91.253395,0.0,0.0,0.0,160.00713,0.0,0.0,68.80473,76.22012,0.0,0.0,0.0,169.49786,75.97899,94.59761,0.0,121.452126,0.0,0.0,0.0,0.0,0.0,0.0,deepfake
234.58238,0.0,0.0,190.0936,0.0,0.0,0.0,103.89101,176.18245,207.61662,65.001884,50.961258,0.0,43.476955,0.0,0.0,0.0,0.0,46.158134,240.04396,194.35954,0.0,0.0,297.57617,0.0,215.8295,0.0,39.12196,321.6526,0.0,122.0113,265.04456,0.0,0.0,0.0,222.97878,0.0,0.0,0.0,0.0,36.103703,159.99449,0.0,0.0,0.0,301.01022,0.0,0.0,131.73611,109.65799,0.0,0.0,0.0,310.9322,119.74058,203.48692,0.0,246.0728,0.0,0.0,0.0,0.0,0.0,0.0,real
191.83234,0.0,0.0,192.09758,0.0,0.0,0.0,94.26433,167.47125,172.81241,69.14349,64.88806,0.0,46.055874,0.0,0.0,0.0,0.0,81.70005,219.98196,134.79196,0.0,0.0,240.6952,0.0,170.32452,0.0,34.699635,259.05945,0.0,94.709,238.71536,0.0,0.0,0.0,171.52852,0.0,0.0,0.0,0.0,0.0,143.41615,0.0,0.0,0.0,249.31512,0.0,0.0,105.15825,98.70415,0.0,0.0,0.0,249.10284,112.9969,157.88841,0.0,184.38503,0.0,0.0,0.0,0.0,0.0,0.0,deepfake
192.97906,0.0,0.0,174.53621,0.0,0.0,0.0,81.538734,156.85857,166.1172,62.837868,53.016556,0.0,33.37381,0.0,0.0,0.0,0.0,49.61905,215.95444,156.87837,0.0,0.0,243.2346,0.0,162.93439,0.0,35.2238,258.09888,0.0,93.70528,229.59666,0.0,0.0,0.0,177.16689,0.0,0.0,0.0,0.0,17.214096,131.0618,0.0,0.0,0.0,239.97261,0.0,0.0,113.28465,91.31334,0.0,0.0,0.0,248.14555,107.91971,160.71921,0.0,202.65582,0.0,0.0,0.0,0.0,0.0,0.0,real
131.37727,8.712279,0.0,142.1592,0.0,0.0,0.0,50.81557,129.07169,105.86153,52.599922,38.43344,0.0,18.286766,3.2431548,0.0,0.0,0.0,34.519016,170.28217,134.80565,0.0,0.0,194.80307,0.0,101.6984,0.0,38.305588,184.1483,0.0,67.556564,182.0601,0.0,0.0,0.0,143.35622,0.0,0.0,0.0,0.0,0.0,95.477356,0.0,0.0,0.0,158.19763,0.0,0.0,79.826675,63.392696,0.0,0.0,0.0,177.54688,94.820465,99.702354,0.0,143.65868,0.0,0.0,6.421999,0.0,0.0,0.0,real
189.91216,0.0,0.0,170.45164,0.0,0.0,0.0,81.71407,147.70856,163.50108,54.196533,48.027542,0.0,32.401157,0.0,0.0,0.0,0.0,44.107334,213.4409,173.82874,0.0,0.0,246.09927,0.0,169.20363,0.0,33.04129,273.8274,0.0,103.376396,229.42859,0.0,0.0,0.0,180.3083,0.0,0.0,0.0,0.0,24.991375,121.899216,0.0,0.0,0.0,241.8327,0.0,0.0,123.30891,87.64006,0.0,0.0,0.0,249.44995,114.07584,170.96443,0.0,214.94266,0.0,0.0,0.0,0.0,0.0,0.0,real
183.24902,0.0,0.0,186.89946,0.0,0.0,0.0,93.465935,159.31972,163.63182,59.668556,65.17664,0.0,41.932987,0.0,0.0,0.0,0.0,77.40681,215.47095,131.08963,0.0,0.0,223.62776,0.0,158.34637,0.0,33.68845,246.49014,0.0,92.92819,231.50917,0.0,0.0,0.0,158.07126,0.0,0.0,0.0,0.0,0.0,135.30081,0.0,0.0,0.0,229.60036,0.0,0.0,105.13607,87.995705,0.0,0.0,0.0,242.79199,114.50113,144.28194,0.0,176.2796,0.0,0.0,0.0,0.0,0.0,0.0,deepfake
157.65714,0.0,0.0,156.33046,0.0,0.0,0.0,69.31673,136.01013,132.76135,62.002647,67.69378,0.0,37.05192,0.0,0.0,0.0,0.0,77.12635,184.47041,109.598015,0.0,0.0,207.24539,0.0,131.8237,0.0,31.307518,217.27576,0.0,72.39935,201.58755,0.0,0.0,0.0,132.29883,0.0,0.0,0.0,0.0,0.0,118.24482,0.0,0.0,0.0,198.6906,0.0,0.0,86.12885,84.73628,0.0,0.0,0.0,207.04665,92.89798,123.98306,0.0,148.32056,0.0,0.0,0.0,0.0,0.0,0.0,deepfake
149.56564,0.0,0.0,155.86017,0.0,0.0,0.0,68.45198,128.19785,127.18204,55.45282,67.1917,0.0,37.682243,0.0,0.0,0.0,0.0,71.89088,181.27797,105.49096,0.0,0.0,198.60178,0.0,116.17449,0.0,28.771355,210.63786,0.0,72.591034,193.95233,0.0,0.0,0.0,123.66008,0.0,0.0,0.0,0.0,0.0,117.47985,0.0,0.0,0.0,178.96101,0.0,0.0,90.14081,80.27351,0.0,0.0,0.0,199.77036,96.29836,113.7535,0.0,142.71265,0.0,0.0,0.0,0.0,0.0,0.0,deepfake
146.55498,0.0,0.0,150.14745,0.0,0.0,0.0,58.803772,137.72522,125.413734,65.94094,63.34046,0.0,32.271942,0.0,0.0,0.0,0.0,70.07868,173.61559,111.21425,0.0,0.0,201.64157,0.0,121.27827,0.0,33.714237,207.23935,0.0,67.15389,183.38423,0.0,0.0,0.0,124.50679,0.0,0.0,0.0,0.0,0.0,108.91027,0.0,0.0,0.0,185.99261,0.0,0.0,78.59979,82.430176,0.0,0.0,0.0,194.89711,85.89178,112.13266,0.0,136.06862,0.0,0.0,0.0,0.0,0.0,0.0,deepfake
222.20157,0.0,0.0,202.10643,0.0,0.0,0.0,105.129196,189.66965,195.36374,68.869316,43.549797,0.0,42.57339,0.0,0.0,0.0,0.0,49.64834,240.4531,188.6869,0.0,0.0,284.754,0.0,202.08041,0.0,47.37105,283.50397,0.0,109.140625,258.90448,0.0,0.0,0.0,230.1604,0.0,0.0,0.0,0.0,27.212627,163.07024,0.0,0.365937,0.0,280.92487,0.0,0.0,122.152626,98.82974,0.0,0.0,0.0,288.51233,131.57051,188.63353,0.0,224.64275,0.0,0.0,0.8876334,0.0,0.0,0.0,real
234.51877,0.0,0.0,207.00647,0.0,0.0,0.0,109.202805,194.56711,194.68553,80.97743,35.69318,0.0,46.05349,0.0,0.0,0.0,0.0,39.488,247.86328,192.12605,0.0,0.0,282.65918,0.0,204.35681,0.0,52.439297,280.6457,0.0,106.9117,256.3785,0.0,0.0,0.0,229.03836,0.0,0.0,0.0,0.0,37.134586,168.58969,0.0,0.0,0.0,288.84207,0.0,0.0,117.90293,91.905426,0.0,0.0,0.0,291.9798,134.7272,188.62984,0.0,219.57378,0.0,0.0,0.0,0.0,0.0,0.0,real
163.14255,0.0,0.0,167.38771,0.0,0.0,0.0,78.69266,149.25275,139.65863,64.34998,65.167755,0.0,31.926945,0.0,0.0,0.0,0.0,79.4613,187.85751,115.68493,0.0,0.0,216.06927,0.0,138.99396,0.0,35.29682,229.64172,0.0,72.107506,207.99521,0.0,0.0,0.0,135.02443,0.0,0.0,0.0,0.0,0.0,121.2157,0.0,0.0,0.0,214.73698,0.0,0.0,87.54695,89.68563,0.0,0.0,0.0,210.82765,94.974045,129.27197,0.0,150.65623,0.0,0.0,0.0,0.0,0.0,0.0,deepfake
187.4433,0.0,0.0,173.49774,0.0,0.0,0.0,80.38797,159.4469,150.51324,70.031815,39.16212,0.0,36.924664,0.0,0.0,0.0,0.0,38.356205,203.93529,157.31966,0.0,0.0,231.93289,0.0,153.21707,0.0,43.220657,224.35995,0.0,79.807205,211.51598,0.0,0.0,0.0,180.33981,0.0,0.0,0.0,0.0,14.105527,132.09866,0.0,0.0,0.0,219.1904,0.0,0.0,91.28716,77.85629,0.0,0.0,0.0,230.69202,110.92793,137.66927,0.0,169.02635,0.0,0.0,0.0,0.0,0.0,0.0,real
115.33297,1.6772356,0.0,132.01259,0.0,0.0,0.0,48.182716,114.14548,95.66003,54.339157,54.558758,0.0,26.329765,0.0,0.0,0.0,0.0,59.853985,154.48648,95.26758,0.0,0.0,167.59169,0.0,85.75336,0.0,29.031181,170.64755,0.0,56.339428,165.95488,0.0,0.0,0.0,104.36228,0.0,0.0,0.0,0.0,0.0,88.35237,0.0,0.0,0.0,141.79765,0.0,0.0,68.9096,62.392666,0.0,0.0,0.0,160.71452,81.6208,82.99508,0.0,113.14728,0.0,0.0,0.0,0.0,0.0,0.0,deepfake
233.57214,0.0,0.0,197.27298,0.0,0.0,0.0,103.19316,175.46767,200.75616,65.036964,57.304615,0.0,42.90361,0.0,0.0,0.0,0.0,55.151676,241.60635,173.24416,0.0,0.0,276.49863,0.0,202.86,0.0,39.338295,295.3034,0.0,116.7961,262.09146,0.0,0.0,0.0,210.23491,0.0,0.0,0.0,0.0,24.959896,160.93471,0.0,0.0,0.0,284.86783,0.0,0.0,126.32963,103.635056,0.0,0.0,0.0,295.6548,125.35412,189.74838,0.0,231.38528,0.0,0.0,0.0,0.0,0.0,0.0,real
131.25569,0.0,0.0,141.4923,0.0,0.0,0.0,64.2907,119.51899,112.37245,57.231674,55.942276,0.0,31.15128,0.0,0.0,0.0,0.0,70.06606,169.52982,101.914986,0.0,0.0,189.2812,0.0,104.25713,0.0,28.77029,195.52437,0.0,59.313942,175.94041,0.0,0.0,0.0,115.2809,0.0,0.0,0.0,0.0,0.0,100.421906,0.0,0.0,0.0,174.53973,0.0,0.0,77.47243,73.81965,0.0,0.0,0.0,184.25465,86.47422,98.585266,0.0,126.99148,0.0,0.0,0.0,0.0,0.0,0.0,deepfake
230.18556,0.0,4.997597,182.70679,0.0,0.0,0.0,91.15286,161.39183,198.39624,63.95294,62.628456,0.0,31.045923,0.0,0.0,0.0,0.0,53.337708,236.26657,163.16104,0.0,0.0,267.6676,0.0,198.0498,0.0,28.106955,311.78558,0.0,115.82506,254.12259,0.0,0.0,0.0,179.44019,0.0,0.0,0.0,0.0,30.41753,142.87656,0.0,0.0,0.0,285.6201,0.0,0.0,131.58876,111.58187,0.0,0.0,0.0,294.44513,109.57987,195.74763,0.0,231.10118,0.0,0.0,0.0,0.0,0.0,0.0,real
142.89706,0.0,0.0,153.0626,0.0,0.0,0.0,62.98151,126.90751,123.66705,52.75931,59.688774,0.0,34.173077,0.0,0.0,0.0,0.0,64.934044,178.96684,106.1055,0.0,0.0,187.4626,0.0,119.27732,0.0,27.0302,202.30653,0.0,76.43998,195.81908,0.0,0.0,0.0,122.92566,0.0,0.0,0.0,0.0,0.0,105.07629,0.0,0.0,0.0,173.12907,0.0,0.0,86.153336,77.44186,0.0,0.0,0.0,191.07687,97.559296,114.51985,0.0,143.80832,0.0,0.0,0.0,0.0,0.0,0.0,deepfake
207.42773,0.0,0.0,181.2635,0.0,0.0,0.0,87.99559,171.31686,167.81204,72.87254,39.06981,0.0,42.151382,0.0,0.0,0.0,0.0,35.961502,219.65622,170.53687,0.0,0.0,250.49847,0.0,171.78284,0.0,45.17506,240.85864,0.0,92.239815,230.69604,0.0,0.0,0.0,199.07004,0.0,0.0,0.0,0.0,24.238037,144.3318,0.0,0.0,0.0,247.46292,0.0,0.0,98.872406,84.37273,0.0,0.0,0.0,255.79039,120.99526,160.23,0.0,186.36711,0.0,0.0,0.0,0.0,0.0,0.0,real
155.5903,0.0,0.0,164.95457,0.0,0.0,0.0,78.0539,144.13849,141.27084,64.13358,62.026512,0.0,38.184765,0.0,0.0,0.0,0.0,79.45267,188.8234,112.543106,0.0,0.0,210.57193,0.0,139.71878,0.0,30.489037,222.46602,0.0,75.75103,205.1164,0.0,0.0,0.0,136.0328,0.0,0.0,0.0,0.0,0.0,119.34241,0.0,0.0,0.0,214.29292,0.0,0.0,86.03769,90.81114,0.0,0.0,0.0,212.04665,96.19734,126.763275,0.0,153.03595,0.0,0.0,0.0,0.0,0.0,0.0,deepfake
187.20332,0.0,0.0,188.48091,0.0,0.0,0.0,88.91312,168.93384,163.7083,70.85596,56.87627,0.0,37.810047,0.0,0.0,0.0,0.0,68.53657,219.70044,148.75616,0.0,0.0,250.40614,0.0,163.57135,0.0,43.451305,258.81226,0.0,89.23015,240.17975,0.0,0.0,0.0,183.35867,0.0,0.0,0.0,0.0,0.0,139.56119,0.0,0.0,0.0,245.06482,0.0,0.0,103.00308,92.236435,0.0,0.0,0.0,245.91225,115.46904,151.35034,0.0,190.32095,0.0,0.0,0.0,0.0,0.0,0.0,deepfake
134.52582,0.0,0.0,149.31102,0.0,0.0,0.0,59.524204,129.4242,120.21287,58.73211,63.68785,0.0,37.623726,0.0,0.0,0.0,0.0,76.116936,172.27925,90.41427,0.0,0.0,183.60713,0.0,113.27187,0.0,29.264595,196.67786,0.0,66.46745,182.78304,0.0,0.0,0.0,109.14096,0.0,0.0,0.0,0.0,0.0,107.20374,0.0,0.0,0.0,177.11232,0.0,0.0,76.22399,81.01292,0.0,0.0,0.0,184.83229,86.743774,102.6935,0.0,129.28831,0.0,0.0,0.0,0.0,0.0,0.0,deepfake
151.62364,0.0,0.0,160.98384,0.0,0.0,0.0,69.21296,139.90768,132.8344,66.04917,62.286705,0.0,38.945194,0.0,0.0,0.0,0.0,74.81556,187.38173,113.83494,0.0,0.0,204.86267,0.0,129.90187,0.0,29.886763,216.35458,0.0,73.60592,197.12648,0.0,0.0,0.0,133.04982,0.0,0.0,0.0,0.0,0.0,118.42726,0.0,0.0,0.0,196.77327,0.0,0.0,85.144936,86.791214,0.0,0.0,0.0,204.8155,98.24354,117.52812,0.0,143.33241,0.0,0.0,0.0,0.0,0.0,0.0,deepfake
174.02547,0.0,0.0,176.39488,0.0,0.0,0.0,79.90733,155.04422,153.45337,66.55011,65.86017,0.0,41.380833,0.0,0.0,0.0,0.0,74.183556,204.8625,127.9063,0.0,0.0,225.93726,0.0,152.97632,0.0,31.587988,241.63734,0.0,81.671936,215.50755,0.0,0.0,0.0,151.85397,0.0,0.0,0.0,0.0,0.0,129.3815,0.0,0.0,0.0,226.65703,0.0,0.0,98.328156,93.87954,0.0,0.0,0.0,226.9326,101.04547,142.49284,0.0,169.10602,0.0,0.0,0.0,0.0,0.0,0.0,deepfake
121.743065,0.0,0.0,135.44807,0.0,0.0,0.0,50.928814,118.15925,105.70064,57.975666,58.0259,0.0,27.53392,0.0,0.0,0.0,0.0,65.36571,158.47931,102.12258,0.0,0.0,176.93219,0.0,94.02543,0.0,28.41493,177.30855,0.0,60.21564,170.33087,0.0,0.0,0.0,108.95308,0.0,0.0,0.0,0.0,0.0,90.543396,0.0,0.0,0.0,154.53036,0.0,0.0,67.86633,73.36525,0.0,0.0,0.0,168.52194,83.34964,90.10715,0.0,117.489845,0.0,0.0,0.0,0.0,0.0,0.0,deepfake
126.31616,0.0,0.0,134.72913,0.0,0.0,0.0,52.58982,118.0133,110.93163,58.142082,61.373047,0.0,41.4944,0.6599714,0.0,0.0,0.0,66.97304,162.06798,95.94453,0.0,0.0,176.75157,0.0,99.54081,0.0,23.736656,179.68239,0.0,61.525806,167.39294,0.0,0.0,0.0,108.32259,0.0,0.0,0.0,0.0,0.0,93.67248,0.0,0.0,0.0,155.79416,0.0,0.0,69.809044,76.581856,0.0,0.0,0.0,173.48778,80.27884,93.98503,0.0,122.78322,0.0,0.0,0.0,0.0,0.0,0.0,deepfake
141.87462,0.0,0.0,152.19998,0.0,0.0,0.0,69.854,124.41549,120.82518,51.87055,59.944206,0.0,28.209723,0.0,0.0,0.0,0.0,70.580376,179.59007,105.76482,0.0,0.0,192.14796,0.0,111.72222,0.0,29.57312,206.51123,0.0,68.21892,199.31099,0.0,0.0,0.0,121.217834,0.0,0.0,0.0,0.0,0.0,105.505424,0.0,0.0,0.0,177.61736,0.0,0.0,88.60552,70.38313,0.0,0.0,0.0,194.66681,93.73621,108.50262,0.0,141.71936,0.0,0.0,0.0,0.0,0.0,0.0,deepfake
213.2318,0.0,0.0,180.78705,0.0,0.0,0.0,95.46508,160.79253,194.91055,63.52491,50.44742,0.0,46.181614,0.0,0.0,0.0,0.0,55.224506,232.34749,166.83783,0.0,0.0,262.92285,0.0,197.78224,0.0,28.109474,284.1538,0.0,109.64668,248.87367,0.0,0.0,0.0,198.39282,0.0,0.0,0.0,0.0,27.608423,144.87209,0.0,0.0,0.0,274.42587,0.0,0.0,121.95461,101.16983,0.0,0.0,0.0,283.26822,114.4442,189.7955,0.0,227.08072,0.0,0.0,0.0,0.0,0.0,0.0,real
161.30025,0.0,0.4037984,139.52177,0.0,0.0,0.0,62.376972,119.340515,134.42297,50.282455,51.620377,0.0,35.892998,0.0,0.0,0.0,0.0,43.547718,183.88744,133.50957,0.0,0.0,215.64658,0.0,148.0166,0.0,27.022503,238.5349,0.0,87.73076,202.38861,0.0,0.0,0.0,147.05748,0.0,0.0,0.0,0.0,14.921567,106.84133,0.0,0.0,0.0,203.49196,0.0,0.0,96.74018,79.86305,0.0,0.0,0.0,219.63177,90.611046,135.2122,0.0,177.45894,0.0,0.0,0.0,0.0,0.0,0.0,real
225.89616,0.0,0.0,180.45493,0.0,0.0,0.0,98.40585,151.43237,191.74254,68.693726,86.88087,0.0,57.5905,0.0,0.0,0.0,0.0,75.96021,239.57838,168.8718,0.0,0.0,287.2636,0.0,211.39261,0.0,32.523987,311.60748,0.0,115.44062,263.196,0.0,0.0,0.0,215.70753,0.0,0.0,0.0,0.0,27.229645,152.7991,0.0,0.0,0.0,292.6766,0.0,0.0,137.38156,114.985664,0.0,0.0,0.0,308.7144,121.41104,218.24744,0.0,228.58861,0.0,0.0,0.0,0.0,0.0,0.0,real
186.56311,1.4315729,0.0,174.70604,0.0,0.0,0.0,77.13175,157.07758,144.31178,71.12103,36.641094,0.0,36.88428,0.0,0.0,0.0,0.0,33.478706,201.75955,156.41809,0.0,0.0,228.12685,0.0,147.91884,0.0,44.164677,221.06729,0.0,81.32778,209.07439,0.0,0.0,0.0,178.3286,0.0,0.0,0.0,0.0,17.308264,130.55885,0.0,0.0,0.0,216.15695,0.0,0.0,85.92593,71.51687,0.0,0.0,0.0,226.17474,105.14794,131.59207,0.0,167.04428,0.0,0.0,0.0,0.0,0.0,0.0,real
134.12503,0.0,0.0,146.62994,0.0,0.0,0.0,57.81583,123.27146,114.97171,55.210335,56.73757,0.0,22.14539,0.0,0.0,0.0,0.0,61.923664,169.2281,112.62859,0.0,0.0,194.67892,0.0,108.85583,0.0,31.589771,203.17818,0.0,65.63523,186.18298,0.0,0.0,0.0,122.95804,0.0,0.0,0.0,0.0,0.0,97.281296,0.0,0.0,0.0,172.47125,0.0,0.0,79.68219,72.91741,0.0,0.0,0.0,185.06943,85.28297,101.3344,0.0,136.55142,0.0,0.0,0.0,0.0,0.0,0.0,deepfake
215.08224,0.0,0.0,186.47414,0.0,0.0,0.0,91.79631,175.34047,177.61923,75.16893,38.326042,0.0,40.818577,0.0,0.0,0.0,0.0,37.266407,224.12527,174.21257,0.0,0.0,260.16904,0.0,185.11578,0.0,42.638783,259.74216,0.0,96.46509,234.97028,0.0,0.0,0.0,209.12645,0.0,0.0,0.0,0.0,27.19267,150.5325,0.0,0.0,0.0,259.27948,0.0,0.0,103.43038,87.40779,0.0,0.0,0.0,268.458,119.237755,171.64464,0.0,195.01108,0.0,0.0,0.0,0.0,0.0,0.0,real
212.54102,0.0,0.0,194.99112,0.0,0.0,0.0,94.69591,179.91876,173.24129,74.696075,37.01939,0.0,40.175644,0.0,0.0,0.0,0.0,36.94355,226.96849,178.9134,0.0,0.0,260.98447,0.0,180.4059,0.0,47.570427,253.15039,0.0,96.427505,238.14807,0.0,0.0,0.0,207.82773,0.0,0.0,0.0,0.0,26.912167,147.97984,0.0,0.0,0.0,259.95706,0.0,0.0,101.177956,89.077156,0.0,0.0,0.0,265.4094,122.682724,166.81807,0.0,195.17496,0.0,0.0,0.0,0.0,0.0,0.0,real
158.24475,0.0,0.0,161.45464,0.0,0.0,0.0,72.430084,143.36526,134.77496,65.61918,66.059715,0.0,43.304886,0.0,0.0,0.0,0.0,72.57789,185.60074,118.42652,0.0,0.0,213.88057,0.0,133.99802,0.0,34.833004,216.00012,0.0,74.289085,199.91724,0.0,0.0,0.0,143.22656,0.0,0.0,0.0,0.0,0.0,122.06142,0.0,0.0,0.0,199.7036,0.0,0.0,86.22533,87.74522,0.0,0.0,0.0,210.0522,97.878426,123.7225,0.0,147.99387,0.0,0.0,0.0,0.0,0.0,0.0,deepfake
127.88325,0.0,0.0,144.01492,0.0,0.0,0.0,58.835495,127.571175,116.658035,59.173405,57.707764,0.0,30.950077,0.0,0.0,0.0,0.0,68.76754,170.54477,105.084145,0.0,0.0,186.04237,0.0,105.60367,0.0,28.931345,192.58932,0.0,63.084248,179.77133,0.0,0.0,0.0,116.57893,0.0,0.0,0.0,0.0,0.0,98.9006,0.0,0.0,0.0,167.88356,0.0,0.0,75.16288,76.10329,0.0,0.0,0.0,181.27011,84.34198,102.12666,0.0,132.30138,0.0,0.0,0.0,0.0,0.0,0.0,deepfake
244.57938,0.0,6.822491,194.81491,0.0,0.0,0.0,101.2281,186.77814,226.44064,84.8589,76.496956,0.0,49.71448,0.0,0.0,0.0,0.0,65.03238,265.45435,201.02347,0.0,0.0,317.77505,0.0,240.81546,0.0,32.96135,349.82007,0.0,114.020836,265.29355,0.0,0.0,0.0,226.99532,0.0,0.0,0.0,0.0,51.41994,157.53465,0.0,0.0,0.0,324.86795,0.0,0.0,146.9054,134.92949,0.0,0.0,0.0,330.95963,117.8766,241.53691,0.0,250.89668,0.0,0.0,0.0,0.0,0.0,0.0,real
167.31236,0.0,0.0,173.96506,0.0,0.0,0.0,81.58496,149.94083,143.48576,64.99187,57.645386,0.0,32.886456,0.0,0.0,0.0,0.0,68.84734,202.85292,133.32883,0.0,0.0,231.63837,0.0,140.41571,0.0,37.95049,238.2699,0.0,76.02698,219.62057,0.0,0.0,0.0,159.45325,0.0,0.0,0.0,0.0,0.0,125.84261,0.0,0.0,0.0,215.80844,0.0,0.0,97.052795,85.0746,0.0,0.0,0.0,229.04123,104.06419,131.15732,0.0,167.68869,0.0,0.0,0.0,0.0,0.0,0.0,deepfake
246.26999,0.0,0.0,216.17424,0.0,0.0,0.0,116.46103,198.60371,203.37018,81.84722,42.0337,0.0,53.425346,0.0,0.0,0.0,0.0,42.506973,248.49672,199.00833,0.0,0.0,294.3602,0.0,209.94745,0.0,53.098324,286.94858,0.0,114.42625,269.4699,0.0,0.0,0.0,237.64296,0.0,0.0,0.0,0.0,36.39854,172.68439,0.0,2.7214286,0.0,300.8364,0.0,0.0,120.60526,96.67373,0.0,0.0,0.0,299.97455,138.58778,197.04895,0.0,223.76183,0.0,0.0,0.0,0.0,0.0,0.0,real
224.49637,0.0,0.0,193.20886,0.0,0.0,0.0,100.138954,171.2892,196.52943,63.92209,55.27854,0.0,42.99786,0.0,0.0,0.0,0.0,57.725796,235.6793,172.82784,0.0,0.0,276.32248,0.0,202.63953,0.0,38.75092,293.50125,0.0,113.697975,259.62534,0.0,0.0,0.0,212.73975,0.0,0.0,0.0,0.0,23.880186,155.79979,0.0,0.0,0.0,281.1828,0.0,0.0,128.73938,101.88946,0.0,0.0,0.0,292.93613,123.89287,186.9367,0.0,227.43777,0.0,0.0,0.0,0.0,0.0,0.0,real
130.67137,0.0,0.0,145.3222,0.0,0.0,0.0,56.21951,124.14023,112.69798,59.25183,60.059273,0.0,26.983145,0.0,0.0,0.0,0.0,65.130714,170.22705,106.24936,0.0,0.0,186.84521,0.0,104.41742,0.0,30.72068,197.04486,0.0,58.32949,179.18744,0.0,0.0,0.0,114.15846,0.0,0.0,0.0,0.0,0.0,95.355934,0.0,0.0,0.0,169.29445,0.0,0.0,76.84945,76.39377,0.0,0.0,0.0,179.79396,86.62807,98.60986,0.0,130.94887,0.0,0.0,0.0,0.0,0.0,0.0,deepfake
100.26371,10.493218,0.0,127.95855,0.0,0.0,0.0,40.87978,106.706245,84.315605,52.40059,49.3637,0.0,17.8973,1.6950467,0.0,0.0,0.0,50.3409,150.1496,104.88635,0.0,0.0,166.983,0.0,73.52795,0.0,30.47756,163.42221,0.0,49.98565,161.11313,0.0,0.0,0.0,107.32431,0.0,0.0,0.0,0.0,0.0,72.02869,0.0,0.0,0.0,129.19246,0.0,0.0,62.25668,62.747025,0.0,0.0,0.0,138.67328,82.70565,76.97,0.0,115.85123,0.0,0.0,0.0,0.0,0.0,0.0,deepfake
133.83395,0.0,0.0,143.59767,0.0,0.0,0.0,57.863476,123.712875,114.31855,53.3103,59.738586,0.0,32.60611,0.0,0.0,0.0,0.0,61.45802,165.13379,105.29397,0.0,0.0,179.78568,0.0,106.13676,0.0,26.452084,188.25142,0.0,65.107544,176.56668,0.0,0.0,0.0,112.18036,0.0,0.0,0.0,0.0,0.0,97.08648,0.0,0.0,0.0,161.02759,0.0,0.0,78.49464,75.337234,0.0,0.0,0.0,178.13028,85.70147,102.28783,0.0,130.05254,0.0,0.0,0.0,0.0,0.0,0.0,deepfake
163.36072,0.0,0.0,168.63013,0.0,0.0,0.0,75.921844,149.57841,141.27164,65.59444,59.27079,0.0,35.64088,0.0,0.0,0.0,0.0,69.616844,194.1222,131.71904,0.0,0.0,223.48154,0.0,137.97168,0.0,37.191494,225.68158,0.0,78.73969,212.50311,0.0,0.0,0.0,155.9524,0.0,0.0,0.0,0.0,0.0,124.07486,0.0,0.0,0.0,210.53346,0.0,0.0,91.080536,88.88227,0.0,0.0,0.0,217.3012,101.0254,131.31557,0.0,157.54892,0.0,0.0,0.0,0.0,0.0,0.0,deepfake
127.099525,0.0,0.0,142.74141,0.0,0.0,0.0,55.91788,114.981995,109.85512,56.656437,64.94231,0.0,38.71526,0.0,0.0,0.0,0.0,76.5759,168.4653,85.48497,0.0,0.0,177.37201,0.0,102.2189,0.0,25.34303,188.684,0.0,60.214268,178.91547,0.0,0.0,0.0,103.81073,0.0,0.0,0.0,0.0,0.0,99.42728,0.0,0.0,0.0,162.47333,0.0,0.0,75.22425,76.17962,0.0,0.0,0.0,172.63628,87.74892,97.53575,0.0,123.77911,0.0,0.0,0.0,0.0,0.0,0.0,deepfake
131.1574,0.0,0.0,148.98494,0.0,0.0,0.0,58.62843,129.32504,116.52145,61.67739,56.957993,0.0,36.5349,0.0,0.0,0.0,0.0,70.21296,172.30132,99.479416,0.0,0.0,185.37552,0.0,110.64257,0.0,30.66246,192.36792,0.0,65.808235,179.6561,0.0,0.0,0.0,115.26521,0.0,0.0,0.0,0.0,0.0,103.8833,0.0,0.0,0.0,175.73257,0.0,0.0,73.72842,78.324844,0.0,0.0,0.0,181.13284,88.52246,101.34225,0.0,132.2263,0.0,0.0,0.0,0.0,0.0,0.0,deepfake
227.08316,0.0,0.0,181.51775,0.0,0.0,0.0,96.06324,164.03232,189.14072,64.54298,58.81134,0.0,47.726208,0.0,0.0,0.0,0.0,57.041126,224.05383,163.73015,0.0,0.0,266.8774,0.0,199.76155,0.0,36.220303,290.6177,0.0,111.256546,242.25046,0.0,0.0,0.0,194.42433,0.0,0.0,0.0,0.0,22.672544,159.83679,0.0,0.0,0.0,275.3218,0.0,0.0,122.510025,103.43347,0.0,0.0,0.0,289.61694,114.664795,186.93019,0.0,207.84225,0.0,0.0,0.0,0.0,0.0,0.0,real
222.39832,0.0,0.0,193.98311,0.0,0.0,0.0,98.10939,179.52194,177.64923,78.56615,39.1966,0.0,42.35425,0.0,0.0,0.0,0.0,38.16936,227.06012,176.89886,0.0,0.0,259.80704,0.0,185.60703,0.0,48.024002,259.92908,0.0,96.5688,239.31325,0.0,0.0,0.0,212.29778,0.0,0.0,0.0,0.0,28.121506,154.11801,0.0,0.0,0.0,262.63715,0.0,0.0,104.82489,85.37678,0.0,0.0,0.0,269.36078,121.42591,168.80698,0.0,198.75322,0.0,0.0,0.0,0.0,0.0,0.0,real
178.28157,0.0,0.0,165.52583,0.0,0.0,0.0,73.15643,153.95122,151.88249,60.779102,44.748886,0.0,33.940975,0.0,0.0,0.0,0.0,42.486904,199.23186,152.16063,0.0,0.0,235.75133,0.0,152.29346,0.0,41.38322,228.95935,0.0,85.73348,209.50995,0.0,0.0,0.0,178.03201,0.0,0.0,0.0,0.0,13.173549,128.85382,0.0,0.0,0.0,217.68387,0.0,0.0,94.33162,85.31912,0.0,0.0,0.0,231.68477,104.088455,141.95296,0.0,175.6508,0.0,0.0,0.0,0.0,0.0,0.0,real
184.91164,0.0,0.0,186.70274,0.0,0.0,0.0,89.849945,164.20244,161.21849,71.409904,64.56711,0.0,45.403694,0.0,0.0,0.0,0.0,76.75901,217.88672,138.75444,0.0,0.0,244.39548,0.0,161.03452,0.0,37.94023,250.61298,0.0,84.97938,232.96384,0.0,0.0,0.0,169.26477,0.0,0.0,0.0,0.0,0.0,140.49878,0.0,0.0,0.0,239.75711,0.0,0.0,102.47405,95.82978,0.0,0.0,0.0,242.18935,111.4791,147.9146,0.0,181.31192,0.0,0.0,0.0,0.0,0.0,0.0,deepfake
205.80887,0.0,0.0,207.002,0.0,0.0,0.0,106.83051,181.30904,185.82137,72.49267,62.967873,0.0,46.52609,0.0,0.0,0.0,0.0,80.00709,238.89696,154.83888,0.0,0.0,266.8344,0.0,185.85861,0.0,43.891026,278.99344,0.0,100.190025,259.9646,0.0,0.0,0.0,198.84375,0.0,0.0,0.0,0.0,0.0,159.46259,0.0,0.4394405,0.0,271.49707,0.0,0.0,115.74174,101.265,0.0,0.0,0.0,273.15814,125.84421,171.24358,0.0,204.97215,0.0,0.0,0.0,0.0,0.0,0.0,deepfake
192.17122,0.0,0.48596698,162.73415,0.0,0.0,0.0,77.60536,137.90353,175.56895,65.611,48.902733,0.0,31.688204,0.0,0.0,0.0,0.0,49.701725,209.93144,170.36461,0.0,0.0,249.51747,0.0,180.06165,0.0,30.875628,280.74084,0.0,110.43444,231.08711,0.0,0.0,0.0,175.85844,0.0,0.0,0.0,0.0,29.367527,134.83504,0.0,0.0,0.0,241.90126,0.0,0.0,106.597435,106.11693,0.0,0.0,0.0,269.54315,110.225784,182.9674,0.0,209.57602,0.0,0.0,0.0,0.0,0.0,0.0,real
183.58473,0.0,0.0,190.70433,0.0,0.0,0.0,92.41614,166.42097,163.92322,68.077034,60.455,0.0,44.436104,0.0,0.0,0.0,0.0,75.21171,219.28012,144.94965,0.0,0.0,245.02931,0.0,163.40952,0.0,39.04418,254.06363,0.0,89.99045,235.21295,0.0,0.0,0.0,180.53348,0.0,0.0,0.0,0.0,0.0,145.68587,0.0,0.0,0.0,242.93446,0.0,0.0,107.185715,92.67276,0.0,0.0,0.0,246.08104,114.3819,151.02074,0.0,185.0238,0.0,0.0,0.0,0.0,0.0,0.0,deepfake
142.86588,0.0,0.0,149.63654,0.0,0.0,0.0,61.129032,128.70428,123.27585,61.67688,65.57999,0.0,34.033363,0.0,0.0,0.0,0.0,69.941635,171.71822,105.29288,0.0,0.0,193.16995,0.0,120.38567,0.0,29.089622,200.3575,0.0,68.66207,184.39716,0.0,0.0,0.0,123.621475,0.0,0.0,0.0,0.0,0.0,104.71058,0.0,0.0,0.0,183.0648,0.0,0.0,78.696884,82.34552,0.0,0.0,0.0,193.15115,90.02715,109.75708,0.0,128.4329,0.0,0.0,0.0,0.0,0.0,0.0,deepfake
158.52708,0.0,0.0,161.24432,0.0,0.0,0.0,73.92512,137.72382,137.70692,62.856285,67.74151,0.0,42.011566,0.0,0.0,0.0,0.0,79.750015,189.33994,113.42423,0.0,0.0,213.54219,0.0,134.0432,0.0,30.691837,223.23543,0.0,77.937454,207.77032,0.0,0.0,0.0,141.44168,0.0,0.0,0.0,0.0,0.0,123.28652,0.0,0.0,0.0,205.49127,0.0,0.0,93.687645,88.743706,0.0,0.0,0.0,216.39554,97.23707,126.19334,0.0,152.85466,0.0,0.0,0.0,0.0,0.0,0.0,deepfake
143.903,0.0,0.0,154.36296,0.0,0.0,0.0,61.03407,135.44484,124.12392,64.01574,63.851868,0.0,38.184986,0.0,0.0,0.0,0.0,68.98622,176.38766,110.5225,0.0,0.0,202.8167,0.0,115.07272,0.0,33.82497,204.1329,0.0,67.54799,185.79242,0.0,0.0,0.0,131.03204,0.0,0.0,0.0,0.0,0.0,113.057846,0.0,0.0,0.0,178.40744,0.0,0.0,81.57026,83.28294,0.0,0.0,0.0,195.09946,90.10925,107.649124,0.0,133.75093,0.0,0.0,0.0,0.0,0.0,0.0,deepfake
223.43327,0.0,0.0,203.16972,0.0,0.0,0.0,101.16919,188.65675,185.58524,76.166336,39.363262,0.0,44.410343,0.0,0.0,0.0,0.0,39.180866,238.27042,188.33112,0.0,0.0,276.2243,0.0,193.5708,0.0,49.6778,267.79712,0.0,100.32177,252.5551,0.0,0.0,0.0,220.23868,0.0,0.0,0.0,0.0,29.315176,159.94052,0.0,0.0,0.0,275.2812,0.0,0.0,111.66068,92.68378,0.0,0.0,0.0,279.43597,130.83585,180.5338,0.0,210.2887,0.0,0.0,0.0,0.0,0.0,0.0,real
144.65369,0.0,0.0,150.50365,0.0,0.0,0.0,65.13482,129.8831,126.86931,64.77815,61.824257,0.0,33.673634,0.0,0.0,0.0,0.0,73.44736,174.07031,109.6215,0.0,0.0,199.17972,0.0,120.60029,0.0,29.278282,206.4823,0.0,68.006645,189.03885,0.0,0.0,0.0,126.61433,0.0,0.0,0.0,0.0,0.0,104.71279,0.0,0.0,0.0,188.46713,0.0,0.0,77.48141,83.205986,0.0,0.0,0.0,195.20497,91.94641,113.4165,0.0,136.36635,0.0,0.0,0.0,0.0,0.0,0.0,deepfake
256.79443,0.0,0.0,221.32556,0.0,1.5766691,0.0,119.28347,208.42192,217.34305,82.08992,41.47635,0.0,48.30315,0.0,0.0,0.0,0.0,42.034737,269.0052,203.67284,0.0,0.0,307.31546,0.0,231.70514,0.0,51.49171,309.2225,0.0,117.10519,280.94778,0.0,0.0,0.0,257.5453,0.0,0.0,0.0,0.0,38.355,182.05583,0.0,0.0,0.0,319.35248,0.0,0.0,124.16692,103.93151,0.0,0.0,0.0,323.74896,141.5954,210.9992,0.0,236.63586,0.0,0.0,0.0,0.0,0.0,0.0,real
243.88904,0.0,0.0,220.57411,0.0,0.0,0.0,115.23352,202.37013,201.55986,84.13058,42.597706,0.0,46.929432,0.0,0.0,0.0,0.0,48.158775,256.58072,199.44034,0.0,0.0,295.95718,0.0,214.94742,0.0,52.791565,294.77692,0.0,110.26689,274.91342,0.0,0.0,0.0,245.05412,0.0,0.0,0.0,0.0,27.920557,175.70361,0.0,0.0,0.0,298.2316,0.0,0.0,121.73208,98.76579,0.0,0.0,0.0,305.26474,142.62988,192.94249,0.0,226.03377,0.0,0.0,0.0,0.0,0.0,0.0,real
232.35239,0.0,0.0,201.42957,0.0,0.0,0.0,105.88469,186.79398,191.62138,77.605316,39.84612,0.0,46.99689,0.0,0.0,0.0,0.0,42.72763,236.71774,181.45819,0.0,0.0,275.9481,0.0,200.85966,0.0,49.7439,272.71475,0.0,100.3197,248.43494,0.0,0.0,0.0,221.03296,0.0,0.0,0.0,0.0,29.602713,164.1352,0.0,0.0,0.0,278.22232,0.0,0.0,110.744095,91.90847,0.0,0.0,0.0,282.70764,127.65568,180.43462,0.0,208.15425,0.0,0.0,0.0,0.0,0.0,0.0,real
240.13864,0.0,0.0,190.7058,0.0,0.0,0.0,105.984535,173.70877,214.66162,79.211494,83.08851,0.0,60.5209,0.0,0.0,0.0,0.0,71.83745,262.54758,194.22687,0.0,0.0,317.4067,0.0,235.09146,0.0,37.105988,355.38596,0.0,122.99654,269.02045,0.0,0.0,0.0,224.84659,0.0,0.0,0.0,0.0,40.371372,162.61235,0.0,0.0,0.0,319.51926,0.0,0.0,159.71786,130.88046,0.0,0.0,0.0,333.06845,127.558624,237.29053,0.0,246.02205,0.0,0.0,0.0,0.0,0.0,0.0,real
125.74641,0.0,0.0,138.27095,0.0,0.0,0.0,56.999825,117.83126,107.02265,59.646374,58.308582,0.0,32.267338,0.0,0.0,0.0,0.0,66.162766,164.60968,98.59299,0.0,0.0,185.57228,0.0,99.864174,0.0,27.766531,190.3407,0.0,56.151283,172.28766,0.0,0.0,0.0,111.749504,0.0,0.0,0.0,0.0,0.0,96.670746,0.0,0.0,0.0,163.10886,0.0,0.0,72.581825,77.76469,0.0,0.0,0.0,175.98758,82.899704,94.42675,0.0,123.70867,0.0,0.0,0.0,0.0,0.0,0.0,deepfake
141.22466,0.0,0.0,151.65129,0.0,0.0,0.0,61.071766,129.17732,122.124825,57.654396,57.70128,0.0,32.82033,0.0,0.0,0.0,0.0,66.2716,175.19313,107.217674,0.0,0.0,193.43011,0.0,118.75495,0.0,30.543316,201.19994,0.0,70.28368,187.68878,0.0,0.0,0.0,125.66516,0.0,0.0,0.0,0.0,0.0,105.63317,0.0,0.0,0.0,179.36018,0.0,0.0,78.8441,78.918884,0.0,0.0,0.0,189.65875,91.92807,106.95643,0.0,137.05849,0.0,0.0,0.0,0.0,0.0,0.0,deepfake
171.4125,0.0,0.0,180.43571,0.0,0.0,0.0,89.144905,159.18524,154.67279,70.73354,61.975685,0.0,41.288742,0.0,0.0,0.0,0.0,78.00825,207.90132,132.44704,0.0,0.0,230.44138,0.0,149.93323,0.0,37.63514,237.7812,0.0,79.75347,225.2825,0.0,0.0,0.0,162.8003,0.0,0.0,0.0,0.0,0.0,132.4801,0.0,0.0,0.0,226.9906,0.0,0.0,96.40783,90.637184,0.0,0.0,0.0,230.65468,107.677055,135.58034,0.0,169.20642,0.0,0.0,0.0,0.0,0.0,0.0,deepfake
137.66429,0.0,0.0,145.97781,0.0,0.0,0.0,58.221863,120.476295,117.17232,55.497025,60.162422,0.0,37.81949,0.0,0.0,0.0,0.0,66.20521,170.98563,101.288635,0.0,0.0,184.57492,0.0,109.75408,0.0,25.386995,192.34634,0.0,67.619995,181.32242,0.0,0.0,0.0,117.5858,0.0,0.0,0.0,0.0,0.0,102.38761,0.0,0.0,0.0,169.26523,0.0,0.0,78.23733,75.538826,0.0,0.0,0.0,182.38309,88.1318,104.65632,0.0,133.71483,0.0,0.0,0.0,0.0,0.0,0.0,deepfake
167.51666,0.34097773,0.0,163.65123,0.0,0.0,0.0,67.6767,146.131,123.1348,66.26724,36.899292,0.0,33.656044,0.0,0.0,0.0,0.0,33.41356,185.51535,140.90909,0.0,0.0,210.85104,0.0,124.50648,0.0,40.948353,201.55783,0.0,72.83648,193.96997,0.0,0.0,0.0,156.44089,0.0,0.0,0.0,0.0,9.751218,116.42005,0.0,0.0,0.0,189.73695,0.0,0.0,78.62742,67.60651,0.0,0.0,0.0,202.95755,99.789185,116.06669,0.0,147.18062,0.0,0.0,0.0,0.0,0.0,0.0,real
238.61108,0.0,0.0,201.7168,0.0,0.0,0.0,109.82539,185.79578,205.00914,68.46099,57.87751,0.0,46.81544,0.0,0.0,0.0,0.0,60.93462,247.19484,177.2346,0.0,0.0,288.25516,0.0,212.35828,0.0,40.702297,301.48373,0.0,111.4194,267.93488,0.0,0.0,0.0,219.44093,0.0,0.0,0.0,0.0,26.64972,168.78337,0.0,0.0,0.0,300.1798,0.0,0.0,135.45372,106.97061,0.0,0.0,0.0,305.3057,127.54216,198.12096,0.0,232.1249,0.0,0.0,0.0,0.0,0.0,0.0,real
176.50461,0.0,11.863608,137.05545,0.0,0.0,0.0,46.151066,126.99092,152.5533,54.145233,45.767185,0.0,6.1933584,0.0,0.0,0.0,0.0,25.231653,171.8942,160.36322,0.0,0.0,216.92558,0.0,143.34515,0.0,25.579311,258.30634,0.0,103.67497,190.21977,0.0,0.0,0.0,137.01088,0.0,0.0,0.0,0.0,21.869268,97.09359,0.0,0.0,0.0,201.6054,0.0,0.0,97.00715,100.05683,0.0,0.0,0.0,231.88461,75.56774,147.05856,0.0,178.54544,0.0,0.0,0.0,0.0,0.0,0.0,real
191.97353,0.0,0.0,196.30678,0.0,0.0,0.0,93.49883,171.85736,168.966,73.19251,60.98461,0.0,45.58852,0.0,0.0,0.0,0.0,74.93873,222.47993,148.46454,0.0,0.0,252.62065,0.0,169.98299,0.0,41.100834,260.31894,0.0,95.07481,238.83253,0.0,0.0,0.0,188.25548,0.0,0.0,0.0,0.0,0.0,148.63702,0.0,0.0,0.0,250.0381,0.0,0.0,104.58712,96.97271,0.0,0.0,0.0,252.8265,117.95568,154.5843,0.0,184.64363,0.0,0.0,0.0,0.0,0.0,0.0,deepfake
151.35956,0.0,0.0,157.26805,0.0,0.0,0.0,71.60459,134.01555,130.05614,57.90057,59.406197,0.0,30.698875,0.0,0.0,0.0,0.0,67.55378,182.11578,117.35453,0.0,0.0,205.24002,0.0,124.553444,0.0,32.21667,213.66235,0.0,69.9175,201.17047,0.0,0.0,0.0,137.9858,0.0,0.0,0.0,0.0,0.0,112.66155,0.0,0.0,0.0,191.58981,0.0,0.0,90.683075,79.765495,0.0,0.0,0.0,203.28323,97.091125,120.53045,0.0,149.56412,0.0,0.0,0.0,0.0,0.0,0.0,deepfake
177.03195,0.0,0.0,175.49797,0.0,0.0,0.0,85.28972,155.0845,156.11668,69.550125,63.33683,0.0,39.260677,0.0,0.0,0.0,0.0,76.787285,201.25237,131.40007,0.0,0.0,229.25195,0.0,153.70718,0.0,34.576878,240.23386,0.0,79.45027,215.912,0.0,0.0,0.0,156.24548,0.0,0.0,0.0,0.0,0.0,127.83453,0.0,0.0,0.0,229.75946,0.0,0.0,93.61522,96.38071,0.0,0.0,0.0,227.78615,100.74429,140.91156,0.0,164.50977,0.0,0.0,0.0,0.0,0.0,0.0,deepfake
182.0295,0.0,0.0,177.28548,0.0,0.0,0.0,86.344986,158.05298,160.31984,69.49787,61.810757,0.0,40.7856,0.0,0.0,0.0,0.0,71.52514,208.38286,139.71817,0.0,0.0,240.84346,0.0,156.61078,0.0,37.76496,249.38812,0.0,81.55319,219.97803,0.0,0.0,0.0,163.70502,0.0,0.0,0.0,0.0,0.0,133.59468,0.0,0.0,0.0,233.72139,0.0,0.0,97.481255,91.987564,0.0,0.0,0.0,237.19379,106.69934,144.01413,0.0,173.04816,0.0,0.0,0.0,0.0,0.0,0.0,deepfake
192.16553,0.0,22.427872,153.22736,0.0,0.0,0.0,58.553352,142.95155,170.21121,64.69624,54.813232,0.0,4.342849,0.0,0.0,0.0,0.0,40.0051,190.12195,156.42406,0.0,0.0,226.23692,0.0,155.336,0.0,27.51031,268.4753,0.0,96.51818,207.95285,0.0,0.0,0.0,145.98518,0.0,0.0,0.0,0.0,22.70741,101.887985,0.0,0.0,0.0,231.09525,0.0,0.0,105.64233,106.7948,0.0,0.0,0.0,233.84593,80.87742,162.4302,0.0,192.19852,0.0,0.0,0.0,0.0,0.0,0.0,real
205.25325,0.0,0.0,194.5092,0.0,0.0,0.0,92.2666,175.5283,162.25313,74.556885,39.68931,0.0,43.21188,0.0,0.0,0.0,0.0,37.817024,224.97081,171.22418,0.0,0.0,255.82901,0.0,169.68262,0.0,48.729527,248.23529,0.0,93.46552,240.21597,0.0,0.0,0.0,203.05174,0.0,0.0,0.0,0.0,21.260279,147.03346,0.0,0.0,0.0,242.59233,0.0,0.0,101.55023,81.10227,0.0,0.0,0.0,256.45364,123.89333,157.82935,0.0,189.77382,0.0,0.0,0.0,0.0,0.0,0.0,real
143.38762,0.0,0.0,149.40427,0.0,0.0,0.0,59.44202,130.05763,122.271576,65.13118,61.52033,0.0,36.10831,0.0,0.0,0.0,0.0,71.96964,175.57384,108.94466,0.0,0.0,196.72624,0.0,117.083275,0.0,30.479275,203.94463,0.0,66.70373,183.58978,0.0,0.0,0.0,125.304955,0.0,0.0,0.0,0.0,0.0,105.51042,0.0,0.0,0.0,178.20874,0.0,0.0,82.132744,80.56285,0.0,0.0,0.0,191.78256,87.84441,107.370285,0.0,136.4676,0.0,0.0,0.0,0.0,0.0,0.0,deepfake
230.67833,0.0,0.0,206.69572,0.0,0.0,0.0,105.10556,196.10844,195.46098,79.3278,43.42223,0.0,47.221172,0.0,0.0,0.0,0.0,46.02449,251.79922,195.56555,0.0,0.0,286.15515,0.0,203.34775,0.0,49.82032,277.23715,0.0,107.44153,267.91605,0.0,0.0,0.0,236.19255,0.0,0.0,0.0,0.0,26.985628,167.762,0.0,0.0,0.0,285.85464,0.0,0.0,118.14607,93.120605,0.0,0.0,0.0,293.4295,139.82141,186.98346,0.0,219.41248,0.0,0.0,0.0,0.0,0.0,0.0,real
221.25417,0.0,0.0,202.36679,0.0,0.0,0.0,99.80235,182.50522,178.54892,78.956924,37.574783,0.0,43.42254,0.0,0.0,0.0,0.0,38.840958,233.93617,183.64185,0.0,0.0,268.70703,0.0,187.12798,0.0,52.387447,264.27585,0.0,97.87136,247.61334,0.0,0.0,0.0,215.6403,0.0,0.0,0.0,0.0,24.120686,159.07268,0.0,0.0,0.0,265.08063,0.0,0.0,107.66847,87.813866,0.0,0.0,0.0,271.15723,129.81786,164.40036,0.0,200.92319,0.0,0.0,0.0,0.0,0.0,0.0,real
115.93269,0.0,0.0,130.9869,0.0,0.0,0.0,47.209923,108.7535,101.479416,57.01321,58.90544,0.0,30.752033,0.0,0.0,0.0,0.0,69.1665,152.04993,88.91171,0.0,0.0,165.06053,0.0,88.90093,0.0,24.220573,171.26053,0.0,52.246994,156.6539,0.0,0.0,0.0,93.543495,0.0,0.0,0.0,0.0,0.0,82.816444,0.0,0.0,0.0,146.4311,0.0,0.0,65.33188,72.34619,0.0,0.0,0.0,154.61491,71.47278,82.48395,0.0,112.94245,0.0,0.0,0.0,0.0,0.0,0.0,deepfake
214.09198,0.0,0.0,199.22746,0.0,0.0,0.0,96.35808,178.62108,173.21022,74.79225,43.0153,0.0,46.461422,0.0,0.0,0.0,0.0,41.793655,228.43454,177.58627,0.0,0.0,266.34067,0.0,180.21236,0.0,47.666298,258.42703,0.0,93.71304,239.97028,0.0,0.0,0.0,212.14212,0.0,0.0,0.0,0.0,20.602375,153.78886,0.0,0.0,0.0,258.94177,0.0,0.0,102.152824,88.39753,0.0,0.0,0.0,263.99228,124.35867,160.43138,0.0,195.88507,0.0,0.0,0.0,0.0,0.0,0.0,real
268.90308,0.0,0.0,216.13533,0.0,0.0,0.0,123.8133,195.41946,239.5386,73.78308,53.84456,0.0,58.65032,0.0,0.0,0.0,0.0,58.70266,272.36545,202.63039,0.0,0.0,319.33463,0.0,252.75256,0.0,39.381542,340.46045,0.0,131.6595,291.95895,0.0,0.0,0.0,250.81276,0.0,0.0,0.0,0.0,41.36553,191.14207,0.0,0.0,0.0,337.79504,0.0,0.0,147.07478,119.05344,0.0,0.0,0.0,351.33633,137.04984,235.37051,0.0,265.16095,0.0,0.0,0.0,0.0,0.0,0.0,real
185.3513,0.0,0.0,186.24615,0.0,0.0,0.0,93.76621,167.83687,166.66977,69.58078,65.3497,0.0,45.015694,0.0,0.0,0.0,0.0,79.223656,212.29367,140.10474,0.0,0.0,239.24718,0.0,165.9887,0.0,38.601055,249.77083,0.0,89.619606,235.11981,0.0,0.0,0.0,174.18202,0.0,0.0,0.0,0.0,0.0,140.37317,0.0,0.0,0.0,242.44917,0.0,0.0,105.01745,96.9402,0.0,0.0,0.0,242.5723,109.79818,155.90573,0.0,181.87074,0.0,0.0,0.0,0.0,0.0,0.0,deepfake
108.83568,0.0,0.0,122.29171,0.0,0.0,0.0,38.685486,107.713036,89.663284,56.226494,54.930733,0.0,30.325048,0.0,0.0,0.0,0.0,58.657265,139.85048,85.49732,0.0,0.0,159.78268,0.0,82.81545,0.0,26.631458,158.95927,0.0,53.36243,148.71008,0.0,0.0,0.0,91.282555,0.0,0.0,0.0,0.0,0.0,84.27703,0.0,0.0,0.0,132.32547,0.0,0.0,62.054314,67.24905,0.0,0.0,0.0,151.78108,72.30348,77.33458,0.0,101.80559,0.0,0.0,0.0,0.0,0.0,0.0,deepfake
206.52815,0.0,0.0,188.7236,0.0,0.0,0.0,90.04014,169.1836,163.89711,74.83287,37.882256,0.0,40.703526,0.0,0.0,0.0,0.0,36.20322,216.58052,170.63098,0.0,0.0,249.2803,0.0,171.93271,0.0,46.037815,244.02876,0.0,90.00602,226.4147,0.0,0.0,0.0,197.95432,0.0,0.0,0.0,0.0,21.996788,142.84412,0.0,0.0,0.0,243.48576,0.0,0.0,97.539116,83.1663,0.0,0.0,0.0,252.89957,119.4509,154.12096,0.0,182.50897,0.0,0.0,0.0,0.0,0.0,0.0,real
